id;fecha;tamn_pct;tipmn_pct;spread_pct;tasa_referencia_pct;tasa_interbancaria_pct;brecha_interbancaria_pct;riesgo_pais_embig_pct;tipo_cambio_pen_usd
1;2021-01-04;12,23;0,98;11,25;0,25;0,25;0,0;1,31;3,626667
2;2021-01-05;12,15;0,97;11,18;0,25;0,25;0,0;1,3;3,633667
3;2021-01-06;12,1;0,96;11,14;0,25;0,25;0,0;1,28;3,626833
4;2021-01-07;12,08;0,96;11,12;0,25;0,25;0,0;1,28;3,623
5;2021-01-08;12,05;0,96;11,09;0,25;0,25;0,0;1,25;3,613833
6;2021-01-11;12,06;0,96;11,1;0,25;0,25;0,0;1,29;3,617333
7;2021-01-12;12,11;0,95;11,16;0,25;0,25;0,0;1,38;3,609
8;2021-01-13;12,1;0,95;11,15;0,25;0,25;0,0;1,35;3,614
9;2021-01-14;12,1;0,95;11,15;0,25;0,25;0,0;1,31;3,6135
10;2021-01-15;12,09;0,95;11,14;0,25;0,25;0,0;1,34;3,612667
11;2021-01-18;12,05;0,94;11,11;0,25;0,25;0,0;1,34;3,617
12;2021-01-19;12,02;0,94;11,08;0,25;0,25;0,0;1,34;3,613333
13;2021-01-20;11,92;0,94;10,98;0,25;0,25;0,0;1,34;3,615333
14;2021-01-21;11,88;0,94;10,94;0,25;0,25;0,0;1,33;3,622
15;2021-01-22;11,95;0,95;11,0;0,25;0,25;0,0;1,31;3,634167
16;2021-01-25;11,95;0,94;11,01;0,25;0,25;0,0;1,33;3,644
17;2021-01-26;11,98;0,93;11,05;0,25;0,25;0,0;1,32;3,645167
18;2021-01-27;11,95;0,94;11,01;0,25;0,25;0,0;1,33;3,653
19;2021-01-28;11,96;0,94;11,02;0,25;0,25;0,0;1,31;3,646667
20;2021-01-29;11,93;0,94;10,99;0,25;0,25;0,0;1,28;3,639333
21;2021-02-01;11,95;0,94;11,01;0,25;0,25;0,0;1,31;3,6395
22;2021-02-02;11,96;0,93;11,03;0,25;0,25;0,0;1,3;3,638833
23;2021-02-03;11,89;0,93;10,96;0,25;0,25;0,0;1,32;3,6385
24;2021-02-04;11,88;0,93;10,95;0,25;0,25;0,0;1,37;3,645667
25;2021-02-05;11,83;0,94;10,89;0,25;0,25;0,0;1,35;3,639333
26;2021-02-08;11,78;0,93;10,85;0,25;0,25;0,0;1,36;3,643
27;2021-02-09;11,78;0,92;10,86;0,25;0,25;0,0;1,35;3,642667
28;2021-02-10;11,78;0,93;10,85;0,25;0,25;0,0;1,37;3,638167
29;2021-02-11;11,76;0,92;10,84;0,25;0,25;0,0;1,34;3,638833
30;2021-02-12;11,75;0,91;10,84;0,25;0,25;0,0;1,33;3,6455
31;2021-02-15;11,75;0,92;10,83;0,25;0,25;0,0;1,33;3,645
32;2021-02-16;11,39;0,91;10,48;0,25;0,25;0,0;1,36;3,651
33;2021-02-17;11,37;0,92;10,45;0,25;0,25;0,0;1,36;3,655
34;2021-02-18;11,31;0,91;10,4;0,25;0,25;0,0;1,38;3,650667
35;2021-02-19;11,26;0,91;10,35;0,25;0,25;0,0;1,37;3,653667
36;2021-02-22;11,28;0,91;10,37;0,25;0,25;0,0;1,41;3,6555
37;2021-02-23;11,29;0,91;10,38;0,25;0,25;0,0;1,45;3,653667
38;2021-02-24;11,28;0,91;10,37;0,25;0,25;0,0;1,45;3,6505
39;2021-02-25;11,28;0,91;10,37;0,25;0,25;0,0;1,47;3,648833
40;2021-02-26;11,27;0,91;10,36;0,25;0,25;0,0;1,64;3,650833
41;2021-03-01;11,27;0,91;10,36;0,25;0,25;0,0;1,59;3,6545
42;2021-03-02;11,27;0,91;10,36;0,25;0,25;0,0;1,65;3,665167
43;2021-03-03;11,25;0,91;10,34;0,25;0,25;0,0;1,66;3,676333
44;2021-03-04;11,24;0,9;10,34;0,25;0,25;0,0;1,7;3,6775
45;2021-03-05;11,23;0,9;10,33;0,25;0,25;0,0;1,78;3,6955
46;2021-03-08;11,13;0,9;10,23;0,25;0,25;0,0;1,85;3,704667
47;2021-03-09;11,12;0,89;10,23;0,25;0,25;0,0;1,84;3,704
48;2021-03-10;11,08;0,89;10,19;0,25;0,25;0,0;1,8;3,694167
49;2021-03-11;11,08;0,89;10,19;0,25;0,25;0,0;1,73;3,693
50;2021-03-12;11,09;0,89;10,2;0,25;0,25;0,0;1,66;3,705667
51;2021-03-15;11,07;0,89;10,18;0,25;0,25;0,0;1,66;3,718
52;2021-03-16;11,09;0,89;10,2;0,25;0,25;0,0;1,6;3,705667
53;2021-03-17;11,04;0,89;10,15;0,25;0,25;0,0;1,59;3,709
54;2021-03-18;11,01;0,89;10,12;0,25;0,25;0,0;1,57;3,7075
55;2021-03-19;11,06;0,89;10,17;0,25;0,25;0,0;1,56;3,715333
56;2021-03-22;11,06;0,89;10,17;0,25;0,25;0,0;1,6;3,722667
57;2021-03-23;11,11;0,89;10,22;0,25;0,25;0,0;1,61;3,719833
58;2021-03-24;11,12;0,89;10,23;0,25;0,25;0,0;1,61;3,724333
59;2021-03-25;11,11;0,88;10,23;0,25;0,25;0,0;1,62;3,733667
60;2021-03-26;11,12;0,88;10,24;0,25;0,25;0,0;1,6;3,736333
61;2021-03-29;11,12;0,88;10,24;0,25;0,25;0,0;1,56;3,751167
62;2021-03-30;11,18;0,89;10,29;0,25;0,25;0,0;1,61;3,766167
63;2021-03-31;11,2;0,89;10,31;0,25;0,25;0,0;1,52;3,7555
64;2021-04-05;11,21;0,89;10,32;0,25;0,25;0,0;1,48;3,714167
65;2021-04-06;11,17;0,89;10,28;0,25;0,25;0,0;1,48;3,6485
66;2021-04-07;11,15;0,89;10,26;0,25;0,25;0,0;1,49;3,613833
67;2021-04-08;11,12;0,89;10,23;0,25;0,25;0,0;1,51;3,596667
68;2021-04-09;11,11;0,89;10,22;0,25;0,25;0,0;1,52;3,627833
69;2021-04-12;11,09;0,9;10,19;0,25;0,25;0,0;1,59;3,644667
70;2021-04-13;11,12;0,89;10,23;0,25;0,25;0,0;1,64;3,627
71;2021-04-14;11,11;0,9;10,21;0,25;0,25;0,0;1,6;3,630833
72;2021-04-15;11,1;0,88;10,22;0,25;0,25;0,0;1,61;3,622667
73;2021-04-16;11,11;0,9;10,21;0,25;0,25;0,0;1,57;3,633
74;2021-04-19;18,3;0,89;17,41;0,25;0,25;0,0;1,64;3,681
75;2021-04-20;10,98;0,89;10,09;0,25;0,25;0,0;1,75;3,6875
76;2021-04-21;10,95;0,89;10,06;0,25;0,25;0,0;1,81;3,706667
77;2021-04-22;10,92;0,89;10,03;0,25;0,25;0,0;1,88;3,7625
78;2021-04-23;10,89;0,89;10,0;0,25;0,25;0,0;1,8;3,778333
79;2021-04-26;10,96;0,89;10,07;0,25;0,25;0,0;1,85;3,831
80;2021-04-27;10,96;0,89;10,07;0,25;0,25;0,0;1,81;3,842333
81;2021-04-28;10,95;0,89;10,06;0,25;0,25;0,0;1,77;3,796667
82;2021-04-29;10,95;0,89;10,06;0,25;0,25;0,0;1,7;3,787667
83;2021-04-30;10,91;0,89;10,02;0,25;0,25;0,0;1,65;3,790167
84;2021-05-03;10,95;0,89;10,06;0,25;0,25;0,0;1,64;3,813833
85;2021-05-04;10,95;0,89;10,06;0,25;0,25;0,0;1,67;3,835333
86;2021-05-05;10,91;0,89;10,02;0,25;0,25;0,0;1,75;3,828
87;2021-05-06;10,88;0,87;10,01;0,25;0,25;0,0;1,74;3,819333
88;2021-05-07;10,85;0,87;9,98;0,25;0,25;0,0;1,64;3,801333
89;2021-05-10;10,86;0,87;9,99;0,25;0,25;0,0;1,59;3,762
90;2021-05-11;10,88;0,86;10,02;0,25;0,25;0,0;1,58;3,702833
91;2021-05-12;10,87;0,86;10,01;0,25;0,25;0,0;1,57;3,732
92;2021-05-13;10,83;0,86;9,97;0,25;0,25;0,0;1,55;3,680333
93;2021-05-14;10,8;0,86;9,94;0,25;0,25;0,0;1,54;3,678667
94;2021-05-17;10,76;0,86;9,9;0,25;0,25;0,0;1,53;3,717
95;2021-05-18;10,77;0,85;9,92;0,25;0,25;0,0;1,52;3,734667
96;2021-05-19;10,73;0,85;9,88;0,25;0,25;0,0;1,55;3,750167
97;2021-05-20;10,73;0,86;9,87;0,25;0,25;0,0;1,59;3,736
98;2021-05-21;10,7;0,85;9,85;0,25;0,25;0,0;1,64;3,75
99;2021-05-24;10,7;0,86;9,84;0,25;0,25;0,0;1,72;3,801333
100;2021-05-25;10,73;0,85;9,88;0,25;0,25;0,0;1,74;3,832667
101;2021-05-26;10,74;0,85;9,89;0,25;0,25;0,0;1,71;3,847667
102;2021-05-27;10,72;0,84;9,88;0,25;0,25;0,0;1,7;3,869333
103;2021-05-28;10,77;0,85;9,92;0,25;0,25;0,0;1,69;3,801
104;2021-05-31;10,74;0,85;9,89;0,25;0,25;0,0;1,69;3,8265
105;2021-06-01;10,78;0,85;9,93;0,25;0,25;0,0;1,67;3,845
106;2021-06-02;10,74;0,84;9,9;0,25;0,25;0,0;1,67;3,858333
107;2021-06-03;10,72;0,84;9,88;0,25;0,25;0,0;1,65;3,860667
108;2021-06-04;10,67;0,83;9,84;0,25;0,25;0,0;1,67;3,835667
109;2021-06-07;10,68;0,83;9,85;0,25;0,25;0,0;1,8;3,94
110;2021-06-08;10,67;0,83;9,84;0,25;0,25;0,0;1,76;3,946333
111;2021-06-09;10,67;0,83;9,84;0,25;0,25;0,0;1,72;3,890833
112;2021-06-10;10,66;0,83;9,83;0,25;0,25;0,0;1,74;3,887
113;2021-06-11;10,67;0,83;9,84;0,25;0,25;0,0;1,7;3,898833
114;2021-06-14;10,7;0,83;9,87;0,25;0,25;0,0;1,69;3,900333
115;2021-06-15;10,71;0,82;9,89;0,25;0,25;0,0;1,69;3,904667
116;2021-06-16;10,71;0,81;9,9;0,25;0,25;0,0;1,69;3,905333
117;2021-06-17;10,67;0,81;9,86;0,25;0,25;0,0;1,7;3,9185
118;2021-06-18;10,64;0,81;9,83;0,25;0,25;0,0;1,74;3,944333
119;2021-06-21;10,63;0,81;9,82;0,25;0,25;0,0;1,74;3,96
120;2021-06-22;10,68;0,8;9,88;0,25;0,25;0,0;1,7;3,975833
121;2021-06-23;10,67;0,8;9,87;0,25;0,25;0,0;1,68;3,978333
122;2021-06-24;10,68;0,8;9,88;0,25;0,25;0,0;1,67;3,983
123;2021-06-25;10,69;0,8;9,89;0,25;0,25;0,0;1,63;3,9785
124;2021-06-30;10,73;0,81;9,92;0,25;0,25;0,0;1,63;3,863333
125;2021-07-01;10,76;0,81;9,95;0,25;0,25;0,0;1,63;3,863167
126;2021-07-02;10,73;0,8;9,93;0,25;0,25;0,0;1,66;3,887833
127;2021-07-05;10,77;0,8;9,97;0,25;0,25;0,0;1,66;3,920167
128;2021-07-06;10,73;0,8;9,93;0,25;0,25;0,0;1,66;3,952333
129;2021-07-07;10,7;0,79;9,91;0,25;0,25;0,0;1,67;3,960333
130;2021-07-08;10,71;0,79;9,92;0,25;0,25;0,0;1,67;3,966167
131;2021-07-09;10,71;0,79;9,92;0,25;0,25;0,0;1,63;3,96
132;2021-07-12;10,75;0,79;9,96;0,25;0,25;0,0;1,63;3,960667
133;2021-07-13;10,76;0,78;9,98;0,25;0,25;0,0;1,6;3,9715
134;2021-07-14;10,76;0,78;9,98;0,25;0,25;0,0;1,61;3,964833
135;2021-07-15;10,71;0,78;9,93;0,25;0,25;0,0;1,65;3,957167
136;2021-07-16;10,67;0,78;9,89;0,25;0,25;0,0;1,63;3,908833
137;2021-07-19;10,64;0,78;9,86;0,25;0,25;0,0;1,71;3,940833
138;2021-07-20;10,63;0,78;9,85;0,25;0,25;0,0;1,69;3,9545
139;2021-07-21;10,61;0,78;9,83;0,25;0,25;0,0;1,69;3,95
140;2021-07-22;10,61;0,78;9,83;0,25;0,25;0,0;1,73;3,941167
141;2021-07-23;10,58;0,78;9,8;0,25;0,25;0,0;1,72;3,924333
142;2021-07-26;10,62;0,79;9,83;0,25;0,25;0,0;1,73;3,909833
143;2021-07-27;10,66;0,78;9,88;0,25;0,25;0,0;1,79;3,922333
144;2021-07-30;10,66;0,78;9,88;0,25;0,25;0,0;1,97;4,053833
145;2021-08-02;10,8;0,77;10,03;0,25;0,25;0,0;1,93;4,059
146;2021-08-03;10,78;0,77;10,01;0,25;0,25;0,0;1,87;4,067833
147;2021-08-04;10,75;0,77;9,98;0,25;0,25;0,0;1,86;4,076333
148;2021-08-05;10,77;0,77;10,0;0,25;0,25;0,0;1,82;4,072667
149;2021-08-06;10,68;0,77;9,91;0,25;0,25;0,0;1,79;4,091333
150;2021-08-09;10,65;0,76;9,89;0,25;0,25;0,0;1,79;4,107333
151;2021-08-10;10,69;0,76;9,93;0,25;0,25;0,0;1,83;4,064833
152;2021-08-11;10,66;0,76;9,9;0,25;0,25;0,0;1,84;4,089667
153;2021-08-12;10,71;0,75;9,96;0,25;0,25;0,0;1,83;4,097167
154;2021-08-13;10,69;0,75;9,94;0,5;0,5;0,0;1,88;4,079667
155;2021-08-16;10,65;0,75;9,9;0,5;0,5;0,0;1,89;4,0775
156;2021-08-17;10,73;0,76;9,97;0,5;0,5;0,0;1,88;4,087167
157;2021-08-18;10,67;0,76;9,91;0,5;0,5;0,0;1,87;4,095
158;2021-08-19;10,65;0,76;9,89;0,5;0,5;0,0;1,87;4,111667
159;2021-08-20;10,66;0,76;9,9;0,5;0,5;0,0;1,85;4,113167
160;2021-08-23;10,69;0,76;9,93;0,5;0,5;0,0;1,85;4,108667
161;2021-08-24;10,73;0,76;9,97;0,5;0,5;0,0;1,79;4,0925
162;2021-08-25;10,72;0,76;9,96;0,5;0,5;0,0;1,74;4,097167
163;2021-08-26;10,73;0,77;9,96;0,5;0,5;0,0;1,78;4,09
164;2021-08-27;10,64;0,77;9,87;0,5;0,5;0,0;1,78;4,074333
165;2021-08-31;10,58;0,77;9,81;0,5;0,5;0,0;1,75;4,086
166;2021-09-01;10,65;0,77;9,88;0,5;0,5;0,0;1,75;4,081167
167;2021-09-02;10,6;0,77;9,83;0,5;0,5;0,0;1,78;4,1
168;2021-09-03;10,67;0,77;9,9;0,5;0,5;0,0;1,75;4,094167
169;2021-09-06;10,66;0,77;9,89;0,5;0,5;0,0;1,75;4,103
170;2021-09-07;10,6;0,77;9,83;0,5;0,5;0,0;1,71;4,101333
171;2021-09-08;10,58;0,77;9,81;0,5;0,5;0,0;1,74;4,092
172;2021-09-09;10,58;0,77;9,81;0,5;0,5;0,0;1,75;4,1
173;2021-09-10;10,47;0,76;9,71;1,0;1,0;0,0;1,72;4,1
174;2021-09-13;10,45;0,78;9,67;1,0;1,0;0,0;1,74;4,105
175;2021-09-14;10,47;0,77;9,7;1,0;1,0;0,0;1,78;4,104333
176;2021-09-15;10,46;0,78;9,68;1,0;1,0;0,0;1,74;4,107333
177;2021-09-16;10,42;0,78;9,64;1,0;1,0;0,0;1,72;4,1125
178;2021-09-17;10,38;0,78;9,6;1,0;1,0;0,0;1,69;4,109
179;2021-09-20;10,34;0,78;9,56;1,0;1,0;0,0;1,77;4,119
180;2021-09-21;10,39;0,78;9,61;1,0;1,0;0,0;1,75;4,112667
181;2021-09-22;10,4;0,79;9,61;1,0;1,0;0,0;1,75;4,110333
182;2021-09-23;10,42;0,79;9,63;1,0;1,0;0,0;1,69;4,112333
183;2021-09-24;10,41;0,79;9,62;1,0;1,0;0,0;1,7;4,109333
184;2021-09-27;10,45;0,81;9,64;1,0;1,0;0,0;1,72;4,124833
185;2021-09-28;10,5;0,81;9,69;1,0;1,0;0,0;1,73;4,1265
186;2021-09-29;10,49;0,81;9,68;1,0;1,0;0,0;1,75;4,128167
187;2021-09-30;10,49;0,81;9,68;1,0;1,0;0,0;1,8;4,1375
188;2021-10-01;10,53;0,81;9,72;1,0;1,0;0,0;1,86;4,128667
189;2021-10-04;10,49;0,8;9,69;1,0;1,0;0,0;1,86;4,130167
190;2021-10-05;10,51;0,82;9,69;1,0;1,0;0,0;1,83;4,133
191;2021-10-06;10,44;0,8;9,64;1,0;1,0;0,0;1,85;4,135333
192;2021-10-07;10,42;0,8;9,62;1,0;1,0;0,0;1,73;4,088167
193;2021-10-11;10,44;0,8;9,64;1,5;1,5;0,0;1,71;4,071667
194;2021-10-12;10,55;0,81;9,74;1,5;1,5;0,0;1,74;4,0615
195;2021-10-13;10,54;0,81;9,73;1,5;1,5;0,0;1,73;3,993167
196;2021-10-14;10,55;0,81;9,74;1,5;1,5;0,0;1,7;3,935833
197;2021-10-15;10,57;0,82;9,75;1,5;1,5;0,0;1,7;3,928833
198;2021-10-18;10,58;0,82;9,76;1,5;1,5;0,0;1,72;3,949667
199;2021-10-19;10,59;0,81;9,78;1,5;1,5;0,0;1,65;3,9465
200;2021-10-20;10,59;0,82;9,77;1,5;1,5;0,0;1,62;3,9435
201;2021-10-21;10,6;0,82;9,78;1,5;1,5;0,0;1,61;3,951667
202;2021-10-22;10,58;0,82;9,76;1,5;1,5;0,0;1,61;3,964167
203;2021-10-25;10,6;0,82;9,78;1,5;1,5;0,0;1,59;3,971
204;2021-10-26;10,68;0,82;9,86;1,5;1,5;0,0;1,64;3,9935
205;2021-10-27;10,69;0,86;9,83;1,5;1,5;0,0;1,66;3,986667
206;2021-10-28;10,68;0,86;9,82;1,5;1,5;0,0;1,71;3,978333
207;2021-10-29;10,68;0,86;9,82;1,5;1,5;0,0;1,81;3,992333
208;2021-11-02;10,68;0,89;9,79;1,5;1,5;0,0;1,83;4,008667
209;2021-11-03;10,73;0,83;9,9;1,5;1,5;0,0;1,75;4,0125
210;2021-11-04;10,72;0,86;9,86;1,5;1,5;0,0;1,79;4,010667
211;2021-11-05;10,73;0,87;9,86;1,5;1,5;0,0;1,82;4,014833
212;2021-11-08;10,67;0,87;9,8;1,5;1,5;0,0;1,73;4,0135
213;2021-11-09;10,72;0,88;9,84;1,5;1,5;0,0;1,76;4,015667
214;2021-11-10;10,73;0,89;9,84;1,5;1,5;0,0;1,72;4,0245
215;2021-11-11;10,71;0,89;9,82;1,5;1,5;0,0;1,72;4,022167
216;2021-11-12;10,72;0,9;9,82;2,0;2,0;0,0;1,73;4,0225
217;2021-11-15;10,72;0,91;9,81;2,0;2,0;0,0;1,71;4,0045
218;2021-11-16;10,71;0,93;9,78;2,0;2,0;0,0;1,71;3,999333
219;2021-11-17;10,69;0,93;9,76;2,0;2,0;0,0;1,74;4,004
220;2021-11-18;10,68;0,94;9,74;2,0;2,0;0,0;1,74;4,019667
221;2021-11-19;10,69;0,93;9,76;2,0;2,0;0,0;1,77;4,020167
222;2021-11-22;10,71;0,94;9,77;2,0;2,0;0,0;1,74;4,019333
223;2021-11-23;10,76;0,94;9,82;2,0;2,0;0,0;1,78;4,008333
224;2021-11-24;10,78;0,95;9,83;2,0;2,0;0,0;1,84;4,022
225;2021-11-25;10,78;0,96;9,82;2,0;2,0;0,0;1,84;4,029167
226;2021-11-26;10,8;0,99;9,81;2,0;2,0;0,0;2,03;4,039667
227;2021-11-29;10,8;0,99;9,81;2,0;2,0;0,0;1,96;4,054167
228;2021-11-30;10,83;0,75;10,08;2,0;2,0;0,0;1,94;4,065667
229;2021-12-01;10,83;0,99;9,84;2,0;2,0;0,0;1,88;4,068667
230;2021-12-02;10,83;0,98;9,85;2,0;2,0;0,0;1,85;4,072
231;2021-12-03;10,91;0,99;9,92;2,0;2,0;0,0;1,91;4,0755
232;2021-12-06;10,92;0,8;10,12;2,0;2,0;0,0;1,84;4,084
233;2021-12-07;20,22;1,01;19,21;2,0;2,0;0,0;1,75;4,077833
234;2021-12-09;20,13;1,01;19,12;2,0;2,0;0,0;1,69;4,081667
235;2021-12-10;11,03;0,85;10,18;2,5;2,5;0,0;1,69;4,068167
236;2021-12-13;11,03;1,02;10,01;2,5;2,5;0,0;1,73;4,0605
237;2021-12-14;10,97;1,02;9,95;2,5;2,5;0,0;1,71;4,055833
238;2021-12-15;10,96;1,02;9,94;2,5;2,5;0,0;1,7;4,056
239;2021-12-16;10,93;1,03;9,9;2,5;2,5;0,0;1,73;4,040167
240;2021-12-17;10,88;1,03;9,85;2,5;2,5;0,0;1,74;4,037333
241;2021-12-20;10,92;1,05;9,87;2,5;2,5;0,0;1,75;4,047
242;2021-12-21;10,99;1,04;9,95;2,5;2,5;0,0;1,73;4,054167
243;2021-12-22;10,96;1,04;9,92;2,5;2,5;0,0;1,76;4,046
244;2021-12-23;10,99;1,05;9,94;2,5;2,5;0,0;1,72;4,017167
245;2021-12-24;11,02;1,09;9,93;2,5;2,5;0,0;1,72;4,0075
246;2021-12-27;11,08;1,09;9,99;2,5;2,5;0,0;1,73;3,987833
247;2021-12-28;11,13;1,08;10,05;2,5;2,5;0,0;1,71;3,952667
248;2021-12-29;11,14;1,1;10,04;2,5;2,5;0,0;1,66;3,970667
249;2021-12-30;11,18;1,09;10,09;2,5;2,5;0,0;1,69;3,986667
250;2021-12-31;11,21;1,1;10,11;2,5;2,5;0,0;1,7;3,9814
251;2022-01-03;11,19;1,1;10,09;2,5;2,5;0,0;1,62;3,988833
252;2022-01-04;11,18;1,07;10,11;2,5;2,5;0,0;1,65;3,964
253;2022-01-05;11,13;1,06;10,07;2,5;2,5;0,0;1,67;3,956333
254;2022-01-06;11,1;1,06;10,04;2,5;2,5;0,0;1,76;3,969667
255;2022-01-07;11,08;1,07;10,01;3,0;3,0;0,0;1,77;3,948167
256;2022-01-10;11,06;1,08;9,98;3,0;3,0;0,0;1,8;3,930167
257;2022-01-11;11,11;1,08;10,03;3,0;3,0;0,0;1,81;3,919333
258;2022-01-12;11,1;1,09;10,01;3,0;3,0;0,0;1,79;3,896
259;2022-01-13;11,1;1,11;9,99;3,0;3,0;0,0;1,8;3,897833
260;2022-01-14;11,1;1,11;9,99;3,0;3,0;0,0;1,76;3,875833
261;2022-01-17;11,11;1,12;9,99;3,0;3,0;0,0;1,76;3,857333
262;2022-01-18;11,08;1,13;9,95;3,0;3,0;0,0;1,77;3,855833
263;2022-01-19;11,08;1,13;9,95;3,0;3,0;0,0;1,77;3,865333
264;2022-01-20;11,06;1,13;9,93;3,0;3,0;0,0;1,75;3,847667
265;2022-01-21;11,09;1,13;9,96;3,0;3,0;0,0;1,8;3,827667
266;2022-01-24;11,1;1,14;9,96;3,0;3,0;0,0;1,79;3,841833
267;2022-01-25;11,16;1,14;10,02;3,0;3,0;0,0;1,77;3,849667
268;2022-01-26;11,18;1,15;10,03;3,0;3,0;0,0;1,74;3,843333
269;2022-01-27;11,19;1,21;9,98;3,0;3,0;0,0;1,82;3,839
270;2022-01-28;11,2;1,21;9,99;3,0;3,0;0,0;1,86;3,8475
271;2022-01-31;11,18;1,21;9,97;3,0;3,0;0,0;1,86;3,843167
272;2022-02-01;11,28;1,21;10,07;3,0;3,02;0,02;1,91;3,877667
273;2022-02-02;11,26;1,17;10,09;3,0;3,0;0,0;1,9;3,857
274;2022-02-03;11,24;1,21;10,03;3,0;3,0;0,0;1,86;3,860833
275;2022-02-04;11,22;1,23;9,99;3,0;3,01;0,01;1,86;3,867833
276;2022-02-07;11,21;1,25;9,96;3,0;3,0;0,0;1,92;3,845833
277;2022-02-08;11,22;1,26;9,96;3,0;3,0;0,0;1,92;3,842167
278;2022-02-09;11,22;1,27;9,95;3,0;3,0;0,0;1,9;3,824667
279;2022-02-10;11,24;1,3;9,94;3,0;3,0;0,0;1,88;3,761667
280;2022-02-11;11,27;1,3;9,97;3,5;3,5;0,0;2,04;3,7585
281;2022-02-14;11,3;1,37;9,93;3,5;3,5;0,0;2,0;3,7905
282;2022-02-15;11,35;1,33;10,02;3,5;3,5;0,0;1,92;3,8005
283;2022-02-16;11,32;1,33;9,99;3,5;3,5;0,0;1,94;3,768167
284;2022-02-17;11,3;1,33;9,97;3,5;3,5;0,0;1,98;3,739333
285;2022-02-18;11,31;1,34;9,97;3,5;3,5;0,0;2,03;3,7215
286;2022-02-21;11,26;1,35;9,91;3,5;3,5;0,0;2,03;3,751333
287;2022-02-22;11,3;1,36;9,94;3,5;3,5;0,0;2,07;3,740167
288;2022-02-23;11,3;1,38;9,92;3,5;3,5;0,0;2,1;3,7205
289;2022-02-24;11,34;1,38;9,96;3,5;3,5;0,0;2,11;3,795667
290;2022-02-25;11,37;1,38;9,99;3,5;3,5;0,0;2,05;3,7535
291;2022-02-28;11,39;1,38;10,01;3,5;3,52;0,02;2,13;3,761667
292;2022-03-01;11,43;1,38;10,05;3,5;3,58;0,08;2,12;3,794667
293;2022-03-02;11,42;1,41;10,01;3,5;3,58;0,08;2,07;3,766333
294;2022-03-03;11,4;1,41;9,99;3,5;3,58;0,08;2,11;3,731667
295;2022-03-04;11,41;1,41;10,0;3,5;3,73;0,23;2,24;3,759667
296;2022-03-07;11,43;1,42;10,01;3,5;3,65;0,15;2,26;3,7455
297;2022-03-08;11,41;1,43;9,98;3,5;3,61;0,11;2,25;3,734667
298;2022-03-09;11,42;1,44;9,98;3,5;3,55;0,05;2,17;3,7175
299;2022-03-10;11,44;1,45;9,99;3,5;3,7;0,2;2,14;3,720833
300;2022-03-11;11,44;1,46;9,98;4,0;4,0;0,0;2,11;3,694
301;2022-03-14;11,5;1,48;10,02;4,0;4,0;0,0;2,06;3,715333
302;2022-03-15;11,55;1,47;10,08;4,0;4,0;0,0;2,07;3,739
303;2022-03-16;11,53;1,49;10,04;4,0;4,0;0,0;2,07;3,725333
304;2022-03-17;11,53;1,5;10,03;4,0;4,0;0,0;1,94;3,735667
305;2022-03-18;11,53;1,49;10,04;4,0;4,0;0,0;1,93;3,7745
306;2022-03-21;11,55;1,5;10,05;4,0;4,0;0,0;1,9;3,789
307;2022-03-22;11,57;1,5;10,07;4,0;4,0;0,0;1,9;3,775833
308;2022-03-23;11,58;1,51;10,07;4,0;4,0;0,0;1,99;3,771333
309;2022-03-24;11,59;1,5;10,09;4,0;4,0;0,0;1,92;3,7485
310;2022-03-25;11,6;1,5;10,1;4,0;4,0;0,0;1,83;3,7305
311;2022-03-28;11,62;1,5;10,12;4,0;4,0;0,0;1,84;3,7325
312;2022-03-29;11,67;1,5;10,17;4,0;4,11;0,11;1,79;3,720667
313;2022-03-30;11,69;1,5;10,19;4,0;4,0;0,0;1,75;3,7235
314;2022-03-31;11,75;1,5;10,25;4,0;4,0;0,0;1,71;3,693
315;2022-04-01;11,86;1,47;10,39;4,0;4,14;0,14;1,72;3,651333
316;2022-04-04;11,85;1,48;10,37;4,0;4,09;0,09;1,66;3,6305
317;2022-04-05;11,75;1,48;10,27;4,0;4,19;0,19;1,65;3,698333
318;2022-04-06;11,71;1,5;10,21;4,0;4,3;0,3;1,65;3,719333
319;2022-04-07;11,69;1,52;10,17;4,0;4,28;0,28;1,8;3,712667
320;2022-04-08;11,7;1,52;10,18;4,5;4,51;0,01;1,91;3,715167
321;2022-04-11;11,74;1,56;10,18;4,5;4,5;0,0;1,97;3,7145
322;2022-04-12;11,82;1,56;10,26;4,5;4,5;0,0;1,95;3,7095
323;2022-04-13;11,83;1,57;10,26;4,5;4,5;0,0;1,89;3,738833
324;2022-04-18;11,84;1,58;10,26;4,5;4,5;0,0;1,83;3,736
325;2022-04-19;11,88;1,59;10,29;4,5;4,5;0,0;1,85;3,728833
326;2022-04-20;11,89;1,61;10,28;4,5;4,5;0,0;1,93;3,707667
327;2022-04-21;11,86;1,61;10,25;4,5;4,59;0,09;1,98;3,729833
328;2022-04-22;11,87;1,63;10,24;4,5;4,82;0,32;2,03;3,765333
329;2022-04-25;11,92;1,63;10,29;4,5;4,62;0,12;2,07;3,8115
330;2022-04-26;12,01;1,63;10,38;4,5;4,61;0,11;2,09;3,818167
331;2022-04-27;12,03;1,66;10,37;4,5;4,5;0,0;2,07;3,831667
332;2022-04-28;12,02;1,67;10,35;4,5;4,5;0,0;2,15;3,851667
333;2022-04-29;12,02;1,71;10,31;4,5;4,5;0,0;2,18;3,8345
334;2022-05-02;12,04;1,69;10,35;4,5;4,79;0,29;2,28;3,8435
335;2022-05-03;12,01;1,72;10,29;4,5;4,8;0,3;2,23;3,821167
336;2022-05-04;12,01;1,72;10,29;4,5;4,91;0,41;2,22;3,797833
337;2022-05-05;12,02;1,74;10,28;4,5;4,99;0,49;2,14;3,785
338;2022-05-06;11,95;1,75;10,2;4,5;5,0;0,5;2,11;3,8125
339;2022-05-09;11,95;1,79;10,16;4,5;4,5;0,0;2,27;3,828833
340;2022-05-10;12,04;1,82;10,22;4,5;4,5;0,0;2,24;3,807333
341;2022-05-11;12,05;1,83;10,22;4,5;4,5;0,0;2,24;3,784167
342;2022-05-12;12,06;1,83;10,23;4,5;4,5;0,0;2,24;3,7965
343;2022-05-13;12,06;1,83;10,23;5,0;5,0;0,0;2,16;3,781833
344;2022-05-16;12,12;1,86;10,26;5,0;5,0;0,0;2,17;3,782333
345;2022-05-17;12,18;1,88;10,3;5,0;5,0;0,0;2,13;3,7595
346;2022-05-18;12,18;1,89;10,29;5,0;5,0;0,0;2,26;3,771
347;2022-05-19;12,17;1,89;10,28;5,0;5,0;0,0;2,24;3,749
348;2022-05-20;12,18;1,89;10,29;5,0;5,02;0,02;2,28;3,728833
349;2022-05-23;12,15;1,91;10,24;5,0;5,0;0,0;2,2;3,717167
350;2022-05-24;12,2;1,93;10,27;5,0;5,0;0,0;2,25;3,711
351;2022-05-25;12,22;1,93;10,29;5,0;5,0;0,0;2,16;3,691
352;2022-05-26;12,26;1,97;10,29;5,0;5,0;0,0;2,1;3,660167
353;2022-05-27;12,28;1,97;10,31;5,0;4,97;-0,03;2,0;3,6735
354;2022-05-30;12,35;1,99;10,36;5,0;5,29;0,29;2,0;3,681667
355;2022-05-31;12,43;1,99;10,44;5,0;5,35;0,35;1,94;3,702833
356;2022-06-01;12,42;1,95;10,47;5,0;5,14;0,14;1,92;3,7235
357;2022-06-02;12,4;1,94;10,46;5,0;5,0;0,0;1,95;3,708833
358;2022-06-03;12,4;1,95;10,45;5,0;5,0;0,0;1,97;3,707167
359;2022-06-06;12,38;1,97;10,41;5,0;5,0;0,0;1,96;3,728333
360;2022-06-07;12,38;2,03;10,35;5,0;5,0;0,0;1,98;3,7545
361;2022-06-08;12,39;2,03;10,36;5,0;5,0;0,0;1,97;3,757167
362;2022-06-09;12,4;2,07;10,33;5,0;4,99;-0,01;2,01;3,756333
363;2022-06-10;12,41;2,07;10,34;5,5;4,59;-0,91;2,01;3,776833
364;2022-06-13;12,42;2,09;10,33;5,5;5,05;-0,45;2,14;3,7745
365;2022-06-14;12,49;2,08;10,41;5,5;5,5;0,0;2,11;3,752667
366;2022-06-15;12,54;2,1;10,44;5,5;5,5;0,0;2,15;3,728
367;2022-06-16;12,51;2,09;10,42;5,5;5,5;0,0;2,23;3,721833
368;2022-06-17;12,49;2,12;10,37;5,5;5,5;0,0;2,23;3,72
369;2022-06-20;12,5;2,13;10,37;5,5;5,5;0,0;2,23;3,7235
370;2022-06-21;12,52;2,13;10,39;5,5;5,5;0,0;2,18;3,721333
371;2022-06-22;12,52;2,13;10,39;5,5;5,5;0,0;2,26;3,731
372;2022-06-23;12,57;2,14;10,43;5,5;5,5;0,0;2,23;3,7455
373;2022-06-24;12,58;2,13;10,45;5,5;5,5;0,0;2,2;3,785
374;2022-06-27;12,63;2,2;10,43;5,5;5,5;0,0;2,19;3,785167
375;2022-06-28;12,69;2,2;10,49;5,5;5,5;0,0;2,33;3,785833
376;2022-06-30;12,71;2,18;10,53;5,5;5,5;0,0;2,35;3,824667
377;2022-07-01;12,73;2,14;10,59;5,5;5,5;0,0;2,35;3,852
378;2022-07-04;12,7;2,22;10,48;5,5;5,5;0,0;2,35;3,832167
379;2022-07-05;12,71;2,24;10,47;5,5;5,5;0,0;2,38;3,86
380;2022-07-06;12,66;2,33;10,33;5,5;5,48;-0,02;2,28;3,8855
381;2022-07-07;12,67;2,33;10,34;5,5;5,47;-0,03;2,23;3,888833
382;2022-07-08;12,65;2,32;10,33;6,0;5,98;-0,02;2,22;3,902667
383;2022-07-11;12,63;2,34;10,29;6,0;6,0;0,0;2,32;3,951833
384;2022-07-12;12,7;2,33;10,37;6,0;6,0;0,0;2,4;3,976
385;2022-07-13;12,7;2,29;10,41;6,0;6,0;0,0;2,46;3,957333
386;2022-07-14;12,68;2,32;10,36;6,0;6,0;0,0;2,5;3,948333
387;2022-07-15;12,66;2,3;10,36;6,0;6,0;0,0;2,52;3,895167
388;2022-07-18;12,63;2,31;10,32;6,0;6,06;0,06;2,45;3,888
389;2022-07-19;12,62;2,33;10,29;6,0;6,01;0,01;2,38;3,874167
390;2022-07-20;12,57;2,34;10,23;6,0;6,0;0,0;2,34;3,883167
391;2022-07-21;12,55;2,33;10,22;6,0;6,0;0,0;2,42;3,911167
392;2022-07-22;12,57;2,27;10,3;6,0;6,0;0,0;2,42;3,916667
393;2022-07-25;12,61;2,33;10,28;6,0;6,0;0,0;2,36;3,913667
394;2022-07-26;12,7;2,34;10,36;6,0;6,0;0,0;2,33;3,920333
395;2022-07-27;12,71;2,32;10,39;6,0;6,06;0,06;2,28;3,920167
396;2022-08-01;12,77;2,3;10,47;6,0;6,04;0,04;2,23;3,889833
397;2022-08-02;12,8;2,34;10,46;6,0;6,0;0,0;2,15;3,920833
398;2022-08-03;12,81;2,36;10,45;6,0;6,0;0,0;2,22;3,916833
399;2022-08-04;12,79;2,36;10,43;6,0;6,0;0,0;2,13;3,891333
400;2022-08-05;12,77;2,36;10,41;6,0;6,2;0,2;2,09;3,907167
401;2022-08-08;12,8;2,38;10,42;6,0;6,46;0,46;2,1;3,913
402;2022-08-09;12,86;2,43;10,43;6,0;6,15;0,15;2,15;3,930167
403;2022-08-10;12,89;2,45;10,44;6,0;6,01;0,01;2,04;3,897333
404;2022-08-11;12,9;2,43;10,47;6,0;6,0;0,0;1,95;3,884167
405;2022-08-12;12,91;2,52;10,39;6,5;6,5;0,0;2,0;3,861167
406;2022-08-15;12,91;2,46;10,45;6,5;5,83;-0,67;2,01;3,8525
407;2022-08-16;12,94;2,48;10,46;6,5;6,25;-0,25;2,05;3,858667
408;2022-08-17;12,92;2,49;10,43;6,5;6,32;-0,18;2,09;3,843
409;2022-08-18;12,91;2,51;10,4;6,5;6,18;-0,32;2,08;3,843833
410;2022-08-19;12,9;2,5;10,4;6,5;6,4;-0,1;2,11;3,858667
411;2022-08-22;12,86;2,53;10,33;6,5;6,48;-0,02;2,18;3,8795
412;2022-08-23;12,91;2,54;10,37;6,5;6,5;0,0;2,14;3,8625
413;2022-08-24;12,93;2,53;10,4;6,5;6,48;-0,02;2,06;3,866833
414;2022-08-25;13,12;2,53;10,59;6,5;6,5;0,0;2,09;3,854333
415;2022-08-26;13,19;2,55;10,64;6,5;6,5;0,0;2,12;3,841333
416;2022-08-29;13,22;2,58;10,64;6,5;6,47;-0,03;2,17;3,835167
417;2022-08-31;13,29;2,58;10,71;6,5;6,5;0,0;2,18;3,845
418;2022-09-01;13,32;2,55;10,77;6,5;6,5;0,0;2,19;3,865333
419;2022-09-02;13,3;2,46;10,84;6,5;6,5;0,0;2,23;3,872167
420;2022-09-05;13,35;2,58;10,77;6,5;6,5;0,0;2,23;3,883
421;2022-09-06;13,3;2,58;10,72;6,5;6,5;0,0;2,21;3,898833
422;2022-09-07;13,28;2,58;10,7;6,5;6,5;0,0;2,23;3,893167
423;2022-09-08;13,27;2,58;10,69;6,5;6,5;0,0;2,15;3,878333
424;2022-09-09;13,33;2,58;10,75;6,75;6,75;0,0;2,1;3,880667
425;2022-09-12;13,35;2,63;10,72;6,75;6,71;-0,04;2,02;3,855667
426;2022-09-13;13,4;2,64;10,76;6,75;6,75;0,0;2,14;3,867167
427;2022-09-14;13,42;2,66;10,76;6,75;6,75;0,0;2,25;3,878667
428;2022-09-15;13,42;2,66;10,76;6,75;6,75;0,0;2,25;3,889333
429;2022-09-16;13,41;2,63;10,78;6,75;6,75;0,0;2,31;3,881167
430;2022-09-19;13,38;2,65;10,73;6,75;6,75;0,0;2,29;3,869667
431;2022-09-20;13,36;2,66;10,7;6,75;6,74;-0,01;2,3;3,8875
432;2022-09-21;13,35;2,67;10,68;6,75;6,75;0,0;2,26;3,9005
433;2022-09-22;13,38;2,64;10,74;6,75;6,65;-0,1;2,2;3,905
434;2022-09-23;13,35;2,64;10,71;6,75;6,58;-0,17;2,27;3,9115
435;2022-09-26;13,44;2,65;10,79;6,75;6,75;0,0;2,34;3,939167
436;2022-09-27;13,52;2,69;10,83;6,75;6,75;0,0;2,37;3,949833
437;2022-09-28;13,51;2,68;10,83;6,75;6,75;0,0;2,46;3,949833
438;2022-09-29;13,52;2,68;10,84;6,75;6,75;0,0;2,48;3,973
439;2022-09-30;13,53;2,66;10,87;6,75;6,81;0,06;2,46;3,983333
440;2022-10-03;13,56;2,59;10,97;6,75;6,83;0,08;2,45;3,9675
441;2022-10-04;13,52;2,61;10,91;6,75;6,75;0,0;2,29;3,952167
442;2022-10-05;13,49;2,67;10,82;6,75;6,76;0,01;2,33;3,9665
443;2022-10-06;13,53;2,69;10,84;6,75;6,9;0,15;2,33;3,981667
444;2022-10-07;13,5;2,7;10,8;7,0;7,13;0,13;2,41;3,9765
445;2022-10-10;13,51;2,73;10,78;7,0;7,0;0,0;2,41;3,96
446;2022-10-11;13,58;2,74;10,84;7,0;7,0;0,0;2,47;3,971333
447;2022-10-12;13,59;2,75;10,84;7,0;7,0;0,0;2,54;3,983167
448;2022-10-13;13,59;2,76;10,83;7,0;7,0;0,0;2,57;3,984667
449;2022-10-14;13,61;2,77;10,84;7,0;7,0;0,0;2,56;3,990333
450;2022-10-17;13,61;2,76;10,85;7,0;7,0;0,0;2,52;3,980333
451;2022-10-18;13,61;2,79;10,82;7,0;7,0;0,0;2,49;3,976667
452;2022-10-19;13,58;2,78;10,8;7,0;7,0;0,0;2,48;3,985833
453;2022-10-20;13,58;2,79;10,79;7,0;7,0;0,0;2,5;3,980167
454;2022-10-21;13,54;2,79;10,75;7,0;7,0;0,0;2,5;3,984833
455;2022-10-24;13,58;2,78;10,8;7,0;7,01;0,01;2,38;4,0015
456;2022-10-25;13,66;2,79;10,87;7,0;7,0;0,0;2,35;3,997167
457;2022-10-26;13,71;2,85;10,86;7,0;7,0;0,0;2,32;3,990333
458;2022-10-27;13,72;2,84;10,88;7,0;7,0;0,0;2,35;3,980167
459;2022-10-28;13,73;2,84;10,89;7,0;7,0;0,0;2,24;3,975333
460;2022-10-31;13,78;2,84;10,94;7,0;7,0;0,0;2,28;3,9905
461;2022-11-02;13,87;2,84;11,03;7,0;7,0;0,0;2,21;3,96775
462;2022-11-03;13,86;2,81;11,05;7,0;7,0;0,0;2,21;3,9725
463;2022-11-04;13,84;2,82;11,02;7,0;7,05;0,05;2,13;3,957667
464;2022-11-07;13,81;2,85;10,96;7,0;7,0;0,0;2,01;3,951333
465;2022-11-08;13,8;2,89;10,91;7,0;7,0;0,0;2,04;3,927333
466;2022-11-09;13,83;2,9;10,93;7,0;7,0;0,0;2,11;3,914
467;2022-11-10;13,85;2,91;10,94;7,0;7,0;0,0;2,05;3,866667
468;2022-11-11;13,84;2,93;10,91;7,25;7,25;0,0;2,05;3,858667
469;2022-11-14;13,87;2,96;10,91;7,25;7,28;0,03;1,96;3,857167
470;2022-11-15;13,97;2,97;11,0;7,25;7,27;0,02;1,95;3,830167
471;2022-11-16;13,98;3,65;10,33;7,25;7,25;0,0;2,01;3,838
472;2022-11-17;13,94;2,98;10,96;7,25;7,25;0,0;2,02;3,8415
473;2022-11-18;13,93;2,98;10,95;7,25;7,26;0,01;2,0;3,829833
474;2022-11-21;13,9;2,99;10,91;7,25;7,36;0,11;1,97;3,839167
475;2022-11-22;13,95;2,98;10,97;7,25;7,28;0,03;1,97;3,849833
476;2022-11-23;13,99;2,98;11,01;7,25;7,25;0,0;2,01;3,8515
477;2022-11-24;14,01;2,96;11,05;7,25;7,27;0,02;2,01;3,848
478;2022-11-25;14,03;2,94;11,09;7,25;7,25;0,0;2,02;3,865667
479;2022-11-28;14,07;2,96;11,11;7,25;7,25;0,0;1,98;3,8565
480;2022-11-29;14,17;3,7;10,47;7,25;7,3;0,05;1,9;3,846
481;2022-11-30;14,18;3,7;10,48;7,25;7,45;0,2;1,93;3,855
482;2022-12-01;14,19;2,95;11,24;7,25;7,25;0,0;1,96;3,83
483;2022-12-02;14,14;2,94;11,2;7,25;7,25;0,0;1,96;3,835667
484;2022-12-05;14,17;2,95;11,22;7,25;7,31;0,06;1,91;3,849
485;2022-12-06;14,2;2,97;11,23;7,25;7,33;0,08;1,99;3,845667
486;2022-12-07;14,17;2,95;11,22;7,25;7,27;0,02;2,01;3,846333
487;2022-12-12;14,21;2,93;11,28;7,5;7,54;0,04;1,85;3,837833
488;2022-12-13;14,28;2,94;11,34;7,5;7,56;0,06;1,85;3,8305
489;2022-12-14;14,3;2,94;11,36;7,5;7,5;0,0;1,97;3,836333
490;2022-12-15;14,3;2,91;11,39;7,5;7,5;0,0;2,03;3,847833
491;2022-12-16;14,27;2,96;11,31;7,5;7,5;0,0;2,08;3,848
492;2022-12-19;14,24;2,97;11,27;7,5;7,5;0,0;2,08;3,835833
493;2022-12-20;14,27;2,99;11,28;7,5;7,5;0,0;2,09;3,834
494;2022-12-21;14,22;2,98;11,24;7,5;7,54;0,04;2,0;3,818
495;2022-12-22;14,22;2,97;11,25;7,5;7,51;0,01;1,98;3,814667
496;2022-12-23;14,24;2,98;11,26;7,5;7,63;0,13;1,93;3,818
497;2022-12-26;14,34;2,99;11,35;7,5;7,5;0,0;1,93;3,820667
498;2022-12-27;14,43;3,05;11,38;7,5;7,51;0,01;1,91;3,82
499;2022-12-28;14,45;3,03;11,42;7,5;7,5;0,0;1,9;3,811333
500;2022-12-29;14,49;3,07;11,42;7,5;7,5;0,0;1,95;3,812167
501;2022-12-30;14,53;3,03;11,5;7,5;7,5;0,0;1,94;3,811667
502;2023-01-03;14,53;3,03;11,5;7,5;7,52;0,02;2,0;3,817333
503;2023-01-04;14,48;3,06;11,42;7,5;7,61;0,11;2,08;3,825667
504;2023-01-05;14,46;3,08;11,38;7,5;7,65;0,15;2,17;3,826833
505;2023-01-06;14,42;3,08;11,34;7,5;7,53;0,03;2,15;3,8025
506;2023-01-09;14,43;3,11;11,32;7,5;7,5;0,0;2,15;3,795333
507;2023-01-10;14,45;3,15;11,3;7,5;7,5;0,0;2,14;3,8035
508;2023-01-11;14,43;3,18;11,25;7,5;7,5;0,0;2,13;3,780333
509;2023-01-12;14,45;3,19;11,26;7,5;7,5;0,0;2,05;3,783667
510;2023-01-13;14,45;3,19;11,26;7,75;7,75;0,0;2,02;3,810833
511;2023-01-16;14,44;3,19;11,25;7,75;7,75;0,0;2,02;3,827
512;2023-01-17;14,37;3,19;11,18;7,75;7,75;0,0;2,06;3,842
513;2023-01-18;14,38;3,19;11,19;7,75;7,75;0,0;2,07;3,835833
514;2023-01-19;14,4;3,2;11,2;7,75;7,75;0,0;2,11;3,8625
515;2023-01-20;14,4;3,18;11,22;7,75;7,75;0,0;2,08;3,856833
516;2023-01-23;14,4;3,22;11,18;7,75;7,75;0,0;2,07;3,875167
517;2023-01-24;14,46;3,22;11,24;7,75;7,75;0,0;2,1;3,890167
518;2023-01-25;14,5;3,22;11,28;7,75;7,75;0,0;2,1;3,899
519;2023-01-26;14,53;3,25;11,28;7,75;7,75;0,0;2,02;3,861667
520;2023-01-27;14,53;3,25;11,28;7,75;7,75;0,0;1,99;3,829333
521;2023-01-30;14,55;3,28;11,27;7,75;7,75;0,0;2,04;3,857
522;2023-01-31;14,61;3,26;11,35;7,75;7,73;-0,02;2,06;3,847833
523;2023-02-01;14,69;3,25;11,44;7,75;7,77;0,02;2,07;3,846
524;2023-02-02;14,66;3,16;11,5;7,75;7,75;0,0;1,97;3,831167
525;2023-02-03;14,66;3,2;11,46;7,75;7,83;0,08;1,93;3,848833
526;2023-02-06;14,67;3,22;11,45;7,75;7,75;0,0;1,9;3,851167
527;2023-02-07;14,64;3,23;11,41;7,75;7,75;0,0;1,91;3,846
528;2023-02-08;14,64;3,25;11,39;7,75;7,75;0,0;1,95;3,858333
529;2023-02-09;14,66;3,27;11,39;7,75;7,75;0,0;1,93;3,865333
530;2023-02-10;14,68;3,3;11,38;7,75;7,75;0,0;1,96;3,854667
531;2023-02-13;14,71;3,39;11,32;7,75;7,75;0,0;1,96;3,852167
532;2023-02-14;14,78;3,35;11,43;7,75;7,75;0,0;1,9;3,860667
533;2023-02-15;14,79;3,37;11,42;7,75;7,75;0,0;1,91;3,863167
534;2023-02-16;14,77;3,34;11,43;7,75;7,75;0,0;1,86;3,864667
535;2023-02-17;14,76;3,35;11,41;7,75;7,75;0,0;1,92;3,845167
536;2023-02-20;14,79;3,38;11,41;7,75;7,75;0,0;1,92;3,845
537;2023-02-21;14,76;3,37;11,39;7,75;7,75;0,0;1,88;3,834833
538;2023-02-22;14,75;3,4;11,35;7,75;7,75;0,0;1,91;3,821667
539;2023-02-23;14,79;3,39;11,4;7,75;7,86;0,11;1,89;3,803
540;2023-02-24;14,81;3,41;11,4;7,75;7,75;0,0;1,88;3,821167
541;2023-02-27;14,86;3,41;11,45;7,75;7,75;0,0;1,9;3,812167
542;2023-02-28;14,93;3,39;11,54;7,75;7,75;0,0;1,91;3,804667
543;2023-03-01;14,93;3,38;11,55;7,75;7,75;0,0;1,91;3,776
544;2023-03-02;14,91;3,32;11,59;7,75;7,75;0,0;1,92;3,786167
545;2023-03-03;14,88;3,35;11,53;7,75;7,75;0,0;1,91;3,784167
546;2023-03-06;14,9;3,37;11,53;7,75;7,74;-0,01;1,87;3,7855
547;2023-03-07;14,89;3,35;11,54;7,75;7,75;0,0;1,9;3,788833
548;2023-03-08;14,88;3,37;11,51;7,75;7,73;-0,02;1,91;3,791667
549;2023-03-09;14,9;3,39;11,51;7,75;7,75;0,0;1,97;3,788167
550;2023-03-10;14,91;3,39;11,52;7,75;7,73;-0,02;2,04;3,782667
551;2023-03-13;14,94;3,43;11,51;7,75;7,75;0,0;2,09;3,802833
552;2023-03-14;15,02;3,46;11,56;7,75;7,75;0,0;2,0;3,788833
553;2023-03-15;14,97;3,47;11,5;7,75;7,75;0,0;2,14;3,809167
554;2023-03-16;14,88;3,48;11,4;7,75;7,75;0,0;2,04;3,794167
555;2023-03-17;14,82;3,5;11,32;7,75;7,75;0,0;2,14;3,795167
556;2023-03-20;14,84;3,52;11,32;7,75;7,75;0,0;2,11;3,779333
557;2023-03-21;14,84;3,52;11,32;7,75;7,75;0,0;2,05;3,770333
558;2023-03-22;14,79;3,51;11,28;7,75;7,75;0,0;2,16;3,772333
559;2023-03-23;14,8;3,51;11,29;7,75;7,75;0,0;2,16;3,767
560;2023-03-24;14,8;3,47;11,33;7,75;7,75;0,0;2,15;3,7732
561;2023-03-27;14,84;3,48;11,36;7,75;7,75;0,0;2,06;3,7685
562;2023-03-28;14,92;3,45;11,47;7,75;7,75;0,0;2,1;3,7655
563;2023-03-29;14,94;3,51;11,43;7,75;7,75;0,0;2,07;3,756333
564;2023-03-30;14,94;3,46;11,48;7,75;7,75;0,0;2,09;3,759333
565;2023-03-31;14,93;3,47;11,46;7,75;7,75;0,0;2,09;3,762833
566;2023-04-03;15,05;3,48;11,57;7,75;7,75;0,0;2,05;3,768
567;2023-04-04;15,09;3,45;11,64;7,75;7,75;0,0;2,1;3,772833
568;2023-04-05;15,06;3,49;11,57;7,75;7,75;0,0;2,12;3,772
569;2023-04-10;15,17;3,52;11,65;7,75;7,75;0,0;2,05;3,781
570;2023-04-11;15,22;3,53;11,69;7,75;7,75;0,0;2,04;3,7845
571;2023-04-12;15,25;3,54;11,71;7,75;7,74;-0,01;2,04;3,776
572;2023-04-13;15,26;3,58;11,68;7,75;7,72;-0,03;2,01;3,775667
573;2023-04-14;15,24;3,6;11,64;7,75;7,75;0,0;1,98;3,781833
574;2023-04-17;15,24;3,61;11,63;7,75;7,65;-0,1;1,97;3,7835
575;2023-04-18;15,24;3,63;11,61;7,75;7,75;0,0;1,98;3,778333
576;2023-04-19;15,23;3,66;11,57;7,75;7,75;0,0;2,0;3,7785
577;2023-04-20;15,17;3,63;11,54;7,75;7,75;0,0;2,03;3,764833
578;2023-04-21;15,15;3,65;11,5;7,75;7,75;0,0;1,99;3,7635
579;2023-04-24;15,16;3,67;11,49;7,75;7,76;0,01;2,0;3,758167
580;2023-04-25;15,25;3,66;11,59;7,75;7,82;0,07;2,01;3,756
581;2023-04-26;15,27;3,69;11,58;7,75;7,77;0,02;1,97;3,746833
582;2023-04-27;15,28;3,68;11,6;7,75;7,75;0,0;1,93;3,731
583;2023-04-28;15,29;3,68;11,61;7,75;7,75;0,0;1,93;3,714333
584;2023-05-02;15,27;3,62;11,65;7,75;7,75;0,0;1,99;3,709833
585;2023-05-03;15,3;3,65;11,65;7,75;7,75;0,0;2,01;3,707833
586;2023-05-04;15,26;3,62;11,64;7,75;7,75;0,0;2,01;3,719333
587;2023-05-05;15,25;3,63;11,62;7,75;7,75;0,0;2,01;3,713167
588;2023-05-08;15,19;3,66;11,53;7,75;7,75;0,0;1,98;3,706
589;2023-05-09;15,25;3,69;11,56;7,75;7,75;0,0;1,97;3,697833
590;2023-05-10;15,27;3,71;11,56;7,75;7,75;0,0;1,99;3,6735
591;2023-05-11;15,27;3,74;11,53;7,75;7,75;0,0;1,99;3,678333
592;2023-05-12;15,28;3,71;11,57;7,75;7,75;0,0;1,98;3,656
593;2023-05-15;15,3;3,71;11,59;7,75;7,75;0,0;1,99;3,663333
594;2023-05-16;15,34;3,69;11,65;7,75;7,75;0,0;1,98;3,685333
595;2023-05-17;15,31;3,72;11,59;7,75;7,75;0,0;1,99;3,695667
596;2023-05-18;15,3;3,76;11,54;7,75;7,75;0,0;1,95;3,7025
597;2023-05-19;15,3;3,74;11,56;7,75;7,75;0,0;1,94;3,690667
598;2023-05-22;15,29;3,76;11,53;7,75;7,75;0,0;1,95;3,692167
599;2023-05-23;15,27;3,76;11,51;7,75;7,75;0,0;1,99;3,694
600;2023-05-24;15,28;3,75;11,53;7,75;7,76;0,01;1,98;3,687667
601;2023-05-25;15,31;3,78;11,53;7,75;7,77;0,02;1,94;3,695
602;2023-05-26;15,33;3,76;11,57;7,75;7,75;0,0;1,96;3,6725
603;2023-05-29;15,36;3,81;11,55;7,75;7,75;0,0;1,96;3,674333
604;2023-05-30;15,43;3,79;11,64;7,75;7,75;0,0;1,97;3,6745
605;2023-05-31;15,44;3,76;11,68;7,75;7,75;0,0;2,0;3,6795
606;2023-06-01;15,44;3,73;11,71;7,75;7,75;0,0;1,95;3,683667
607;2023-06-02;15,39;3,56;11,83;7,75;7,73;-0,02;1,86;3,686667
608;2023-06-05;15,4;3,63;11,77;7,75;7,54;-0,21;1,92;3,678667
609;2023-06-06;15,36;3,66;11,7;7,75;7,75;0,0;1,91;3,690333
610;2023-06-07;15,5;3,7;11,8;7,75;7,75;0,0;1,87;3,670333
611;2023-06-08;15,5;3,73;11,77;7,75;7,75;0,0;1,88;3,657333
612;2023-06-09;15,52;3,76;11,76;7,75;7,75;0,0;1,86;3,645833
613;2023-06-12;15,51;3,77;11,74;7,75;7,74;-0,01;1,85;3,654
614;2023-06-13;15,58;3,77;11,81;7,75;7,75;0,0;1,78;3,646167
615;2023-06-14;15,61;3,79;11,82;7,75;7,75;0,0;1,8;3,65
616;2023-06-15;15,59;3,77;11,82;7,75;7,75;0,0;1,82;3,651167
617;2023-06-16;15,59;3,75;11,84;7,75;7,67;-0,08;1,78;3,635667
618;2023-06-19;15,58;3,75;11,83;7,75;7,75;0,0;1,78;3,635833
619;2023-06-20;15,62;3,76;11,86;7,75;7,72;-0,03;1,79;3,645333
620;2023-06-21;15,54;3,76;11,78;7,75;7,75;0,0;1,78;3,6425
621;2023-06-22;15,52;3,79;11,73;7,75;7,92;0,17;1,72;3,637333
622;2023-06-23;15,54;3,87;11,67;7,75;7,75;0,0;1,75;3,633333
623;2023-06-26;15,58;3,84;11,74;7,75;7,75;0,0;1,76;3,641333
624;2023-06-27;15,66;3,85;11,81;7,75;7,75;0,0;1,74;3,637667
625;2023-06-28;15,68;3,89;11,79;7,75;7,75;0,0;1,78;3,633
626;2023-06-30;15,7;3,89;11,81;7,75;7,77;0,02;1,72;3,627167
627;2023-07-03;15,78;3,88;11,9;7,75;7,81;0,06;1,68;3,627
628;2023-07-04;15,74;3,79;11,95;7,75;7,75;0,0;1,68;3,628833
629;2023-07-05;15,74;3,8;11,94;7,75;7,75;0,0;1,63;3,632
630;2023-07-06;15,71;3,86;11,85;7,75;7,75;0,0;1,65;3,647
631;2023-07-07;15,71;3,78;11,93;7,75;7,75;0,0;1,67;3,640833
632;2023-07-10;15,71;3,84;11,87;7,75;7,75;0,0;1,68;3,639667
633;2023-07-11;15,74;3,9;11,84;7,75;7,75;0,0;1,66;3,631833
634;2023-07-12;15,74;3,87;11,87;7,75;7,74;-0,01;1,7;3,588167
635;2023-07-13;15,73;3,88;11,85;7,75;7,75;0,0;1,7;3,572
636;2023-07-14;15,7;3,85;11,85;7,75;7,75;0,0;1,69;3,563833
637;2023-07-17;15,67;3,88;11,79;7,75;7,75;0,0;1,69;3,562667
638;2023-07-18;15,64;3,89;11,75;7,75;7,75;0,0;1,68;3,5575
639;2023-07-19;15,61;3,9;11,71;7,75;7,75;0,0;1,73;3,579833
640;2023-07-20;15,54;3,88;11,66;7,75;7,75;0,0;1,72;3,587833
641;2023-07-21;15,47;3,9;11,57;7,75;7,75;0,0;1,73;3,587167
642;2023-07-24;15,47;3,89;11,58;7,75;7,75;0,0;1,73;3,588833
643;2023-07-25;15,55;3,9;11,65;7,75;7,76;0,01;1,75;3,603
644;2023-07-26;15,6;3,89;11,71;7,75;7,75;0,0;1,73;3,599333
645;2023-07-27;15,58;3,89;11,69;7,75;7,75;0,0;1,65;3,596833
646;2023-07-31;15,58;3,89;11,69;7,75;7,75;0,0;1,63;3,611167
647;2023-08-01;15,64;3,83;11,81;7,75;7,75;0,0;1,62;3,638333
648;2023-08-02;15,62;3,78;11,84;7,75;7,75;0,0;1,63;3,662333
649;2023-08-03;15,61;3,79;11,82;7,75;7,75;0,0;1,62;3,698
650;2023-08-04;15,61;3,8;11,81;7,75;7,75;0,0;1,68;3,691167
651;2023-08-07;15,62;3,79;11,83;7,75;7,75;0,0;1,65;3,691667
652;2023-08-08;15,61;3,86;11,75;7,75;7,75;0,0;1,65;3,709
653;2023-08-09;15,64;3,9;11,74;7,75;7,75;0,0;1,6;3,693667
654;2023-08-10;15,65;3,92;11,73;7,75;7,75;0,0;1,59;3,674333
655;2023-08-11;15,65;3,89;11,76;7,75;7,75;0,0;1,62;3,6845
656;2023-08-14;15,7;3,97;11,73;7,75;7,75;0,0;1,67;3,7045
657;2023-08-15;15,74;3,96;11,78;7,75;7,75;0,0;1,67;3,718667
658;2023-08-16;15,79;3,94;11,85;7,75;7,75;0,0;1,72;3,715333
659;2023-08-17;15,74;3,95;11,79;7,75;7,75;0,0;1,75;3,724667
660;2023-08-18;15,72;3,93;11,79;7,75;7,75;0,0;1,73;3,72
661;2023-08-21;15,71;3,94;11,77;7,75;7,75;0,0;1,73;3,72
662;2023-08-22;15,86;3,98;11,88;7,75;7,75;0,0;1,74;3,727833
663;2023-08-23;15,85;3,97;11,88;7,75;7,75;0,0;1,72;3,710833
664;2023-08-24;15,89;3,98;11,91;7,75;7,75;0,0;1,72;3,6987
665;2023-08-25;15,9;3,95;11,95;7,75;7,75;0,0;1,71;3,693
666;2023-08-28;15,95;3,97;11,98;7,75;7,75;0,0;1,69;3,696
667;2023-08-29;16,01;3,93;12,08;7,75;7,75;0,0;1,64;3,693667
668;2023-08-31;16,02;3,94;12,08;7,75;7,75;0,0;1,6;3,694667
669;2023-09-01;16,06;4,03;12,03;7,75;7,75;0,0;1,6;3,691667
670;2023-09-04;30,25;3,79;26,46;7,75;7,75;0,0;1,62;3,691833
671;2023-09-05;16,01;3,85;12,16;7,75;7,75;0,0;1,67;3,705167
672;2023-09-06;15,93;3,89;12,04;7,75;7,75;0,0;1,69;3,705833
673;2023-09-07;15,9;3,91;11,99;7,75;7,75;0,0;1,69;3,712167
674;2023-09-08;15,88;3,91;11,97;7,75;7,75;0,0;1,71;3,716
675;2023-09-11;15,95;3,95;12,0;7,75;7,75;0,0;1,75;3,700667
676;2023-09-12;16,01;3,97;12,04;7,75;7,75;0,0;1,75;3,707
677;2023-09-13;16,01;3,97;12,04;7,75;7,75;0,0;1,72;3,703667
678;2023-09-14;16,01;3,98;12,03;7,75;7,75;0,0;1,71;3,710833
679;2023-09-15;30,07;3,97;26,1;7,5;7,5;0,0;1,74;3,722833
680;2023-09-18;15,99;3,97;12,02;7,5;7,5;0,0;1,7;3,709167
681;2023-09-19;15,97;3,97;12,0;7,5;7,5;0,0;1,66;3,713333
682;2023-09-20;15,92;3,97;11,95;7,5;7,5;0,0;1,66;3,717167
683;2023-09-21;15,83;3,91;11,92;7,5;7,5;0,0;1,69;3,742333
684;2023-09-22;15,82;3,97;11,85;7,5;7,5;0,0;1,66;3,748833
685;2023-09-25;15,86;3,99;11,87;7,5;7,5;0,0;1,68;3,773833
686;2023-09-26;15,98;3,96;12,02;7,5;7,5;0,0;1,71;3,784833
687;2023-09-27;15,97;4,08;11,89;7,5;7,5;0,0;1,76;3,800333
688;2023-09-28;15,98;4,1;11,88;7,5;7,5;0,0;1,74;3,804833
689;2023-09-29;15,97;3,95;12,02;7,5;7,5;0,0;1,74;3,792833
690;2023-10-02;28,54;4,01;24,53;7,5;7,5;0,0;1,79;3,800333
691;2023-10-03;15,99;3,86;12,13;7,5;7,5;0,0;1,82;3,813333
692;2023-10-04;15,97;3,89;12,08;7,5;7,5;0,0;1,83;3,8145
693;2023-10-05;15,96;3,89;12,07;7,5;7,5;0,0;1,79;3,822833
694;2023-10-06;15,9;3,9;12,0;7,25;7,25;0,0;1,79;3,829333
695;2023-10-09;15,88;3,91;11,97;7,25;7,25;0,0;1,79;3,8375
696;2023-10-10;15,93;3,92;12,01;7,25;7,25;0,0;1,8;3,8255
697;2023-10-11;15,92;3,93;11,99;7,25;7,25;0,0;1,76;3,825
698;2023-10-12;15,93;3,93;12,0;7,25;7,25;0,0;1,81;3,843
699;2023-10-13;15,94;3,92;12,02;7,25;7,26;0,01;1,78;3,8505
700;2023-10-16;15,95;3,93;12,02;7,25;7,28;0,03;1,78;3,86
701;2023-10-17;15,95;3,94;12,01;7,25;7,25;0,0;1,79;3,859833
702;2023-10-18;15,92;3,93;11,99;7,25;6,97;-0,28;1,79;3,868333
703;2023-10-19;15,86;3,91;11,95;7,25;7,25;0,0;1,85;3,872167
704;2023-10-20;15,79;3,89;11,9;7,25;7,25;0,0;1,84;3,874
705;2023-10-23;15,78;3,89;11,89;7,25;7,25;0,0;1,83;3,872167
706;2023-10-24;15,82;3,88;11,94;7,25;7,25;0,0;1,78;3,8655
707;2023-10-25;15,85;3,87;11,98;7,25;7,25;0,0;1,83;3,871667
708;2023-10-26;15,91;3,87;12,04;7,25;7,25;0,0;1,83;3,869
709;2023-10-27;15,93;3,84;12,09;7,25;7,25;0,0;1,81;3,8585
710;2023-10-30;15,96;3,84;12,12;7,25;7,25;0,0;1,76;3,842833
711;2023-10-31;16,03;3,96;12,07;7,25;7,25;0,0;1,83;3,837833
712;2023-11-02;16,01;3,93;12,08;7,25;7,25;0,0;1,74;3,794833
713;2023-11-03;15,98;3,54;12,44;7,25;7,25;0,0;1,78;3,735
714;2023-11-06;15,95;3,7;12,25;7,25;7,25;0,0;1,83;3,759167
715;2023-11-07;15,88;3,72;12,16;7,25;7,25;0,0;1,85;3,775667
716;2023-11-08;15,87;3,72;12,15;7,25;7,2;-0,05;1,8;3,796833
717;2023-11-09;15,86;3,74;12,12;7,25;7,25;0,0;1,81;3,7965
718;2023-11-10;15,87;3,75;12,12;7,0;7,0;0,0;1,83;3,811667
719;2023-11-13;15,87;3,76;12,11;7,0;7,0;0,0;1,81;3,812167
720;2023-11-14;15,91;3,76;12,15;7,0;7,1;0,1;1,75;3,769333
721;2023-11-15;15,9;3,71;12,19;7,0;7,0;0,0;1,78;3,773333
722;2023-11-16;15,87;3,77;12,1;7,0;7,0;0,0;1,77;3,77
723;2023-11-17;15,79;3,76;12,03;7,0;7,0;0,0;1,76;3,771167
724;2023-11-20;15,79;3,78;12,01;7,0;7,0;0,0;1,73;3,7395
725;2023-11-21;15,71;3,76;11,95;7,0;7,0;0,0;1,7;3,7405
726;2023-11-22;15,81;3,77;12,04;7,0;6,99;-0,01;1,7;3,742
727;2023-11-23;15,78;3,74;12,04;7,0;7,0;0,0;1,66;3,735
728;2023-11-24;15,8;3,71;12,09;7,0;7,0;0,0;1,71;3,733167
729;2023-11-27;15,83;3,71;12,12;7,0;7,0;0,0;1,7;3,723
730;2023-11-28;15,94;3,71;12,23;7,0;7,0;0,0;1,64;3,729333
731;2023-11-29;15,98;3,92;12,06;7,0;7,0;0,0;1,6;3,7335
732;2023-11-30;15,97;3,91;12,06;7,0;7,0;0,0;1,61;3,738333
733;2023-12-01;15,97;3,81;12,16;7,0;7,0;0,0;1,58;3,7345
734;2023-12-04;15,98;3,58;12,4;7,0;7,0;0,0;1,62;3,745
735;2023-12-05;16,01;3,56;12,45;7,0;7,0;0,0;1,63;3,757333
736;2023-12-06;15,93;3,57;12,36;7,0;7,0;0,0;1,62;3,755167
737;2023-12-07;15,9;3,53;12,37;7,0;7,0;0,0;1,62;3,754833
738;2023-12-11;15,83;3,53;12,3;7,0;7,0;0,0;1,66;3,773
739;2023-12-12;15,94;3,56;12,38;7,0;7,0;0,0;1,72;3,776333
740;2023-12-13;15,92;3,59;12,33;7,0;7,0;0,0;1,64;3,786667
741;2023-12-14;15,9;3,58;12,32;7,0;7,0;0,0;1,64;3,763333
742;2023-12-15;15,88;3,55;12,33;6,75;6,75;0,0;1,62;3,763833
743;2023-12-18;15,96;3,53;12,43;6,75;6,75;0,0;1,6;3,748333
744;2023-12-19;15,83;3,52;12,31;6,75;6,75;0,0;1,64;3,7135
745;2023-12-20;15,77;3,51;12,26;6,75;6,75;0,0;1,61;3,706
746;2023-12-21;15,67;3,51;12,16;6,75;6,75;0,0;1,59;3,704667
747;2023-12-22;15,68;3,48;12,2;6,75;6,75;0,0;1,59;3,684833
748;2023-12-26;15,75;3,49;12,26;6,75;6,75;0,0;1,67;3,686833
749;2023-12-27;15,89;3,51;12,38;6,75;6,75;0,0;1,62;3,690833
750;2023-12-28;15,89;3,49;12,4;6,75;6,75;0,0;1,6;3,7025
751;2023-12-29;15,88;3,45;12,43;6,75;6,75;0,0;1,6;3,709833
752;2024-01-03;15,9;3,41;12,49;6,75;6,75;0,0;1,75;3,734
753;2024-01-04;15,83;3,45;12,38;6,75;6,75;0,0;1,71;3,736833
754;2024-01-05;15,81;3,44;12,37;6,75;6,75;0,0;1,76;3,718833
755;2024-01-08;15,72;3,43;12,29;6,75;6,75;0,0;1,77;3,712167
756;2024-01-09;15,76;3,45;12,31;6,75;6,75;0,0;1,71;3,7065
757;2024-01-10;15,87;3,48;12,39;6,75;6,75;0,0;1,72;3,7025
758;2024-01-11;15,88;3,46;12,42;6,75;6,75;0,0;1,69;3,7005
759;2024-01-12;15,88;3,47;12,41;6,5;6,5;0,0;1,69;3,6945
760;2024-01-15;15,89;3,48;12,41;6,5;6,5;0,0;1,65;3,698
761;2024-01-16;15,89;3,46;12,43;6,5;6,5;0,0;1,69;3,717833
762;2024-01-17;15,83;3,45;12,38;6,5;6,5;0,0;1,7;3,740167
763;2024-01-18;15,72;3,45;12,27;6,5;6,5;0,0;1,71;3,741333
764;2024-01-19;15,72;3,45;12,27;6,5;6,5;0,0;1,77;3,741833
765;2024-01-22;15,7;3,45;12,25;6,5;6,5;0,0;1,76;3,741
766;2024-01-23;15,72;3,48;12,24;6,5;6,5;0,0;1,74;3,757
767;2024-01-24;15,75;3,44;12,31;6,5;6,5;0,0;1,72;3,760333
768;2024-01-25;15,75;3,43;12,32;6,5;6,5;0,0;1,69;3,763167
769;2024-01-26;15,79;3,46;12,33;6,5;6,5;0,0;1,64;3,786
770;2024-01-29;15,79;3,46;12,33;6,5;6,5;0,0;1,64;3,807
771;2024-01-30;15,86;3,42;12,44;6,5;6,5;0,0;1,62;3,810833
772;2024-01-31;15,85;3,44;12,41;6,5;6,52;0,02;1,67;3,805833
773;2024-02-01;15,85;3,36;12,49;6,5;6,5;0,0;1,69;3,806167
774;2024-02-02;15,78;3,23;12,55;6,5;6,5;0,0;1,67;3,833
775;2024-02-05;15,75;3,26;12,49;6,5;6,5;0,0;1,66;3,856833
776;2024-02-06;15,68;3,31;12,37;6,5;6,5;0,0;1,68;3,857167
777;2024-02-07;15,66;3,33;12,33;6,5;6,5;0,0;1,65;3,865833
778;2024-02-08;15,67;3,36;12,31;6,5;6,5;0,0;1,67;3,853667
779;2024-02-09;15,69;3,36;12,33;6,25;6,25;0,0;1,67;3,866333
780;2024-02-12;15,71;3,4;12,31;6,25;6,25;0,0;1,64;3,863333
781;2024-02-13;15,77;3,37;12,4;6,25;6,25;0,0;1,61;3,884
782;2024-02-14;15,79;3,41;12,38;6,25;6,25;0,0;1,62;3,874
783;2024-02-15;15,82;3,39;12,43;6,25;6,25;0,0;1,58;3,862333
784;2024-02-16;15,82;3,35;12,47;6,25;6,25;0,0;1,57;3,829667
785;2024-02-19;15,79;3,37;12,42;6,25;6,25;0,0;1,57;3,799333
786;2024-02-20;15,69;3,36;12,33;6,25;6,25;0,0;1,57;3,784
787;2024-02-21;15,67;3,36;12,31;6,25;6,25;0,0;1,56;3,795833
788;2024-02-22;15,63;3,35;12,28;6,25;6,25;0,0;1,57;3,8
789;2024-02-23;15,63;3,33;12,3;6,25;6,25;0,0;1,57;3,7955
790;2024-02-26;15,68;3,34;12,34;6,25;6,25;0,0;1,55;3,798167
791;2024-02-27;15,71;3,33;12,38;6,25;6,25;0,0;1,5;3,788833
792;2024-02-28;15,77;3,34;12,43;6,25;6,25;0,0;1,53;3,794167
793;2024-02-29;15,78;3,36;12,42;6,25;6,25;0,0;1,53;3,781167
794;2024-03-01;15,82;3,3;12,52;6,25;6,25;0,0;1,56;3,770167
795;2024-03-04;15,77;3,16;12,61;6,25;6,25;0,0;1,54;3,766
796;2024-03-05;15,78;3,19;12,59;6,25;6,25;0,0;1,56;3,763833
797;2024-03-06;15,69;3,24;12,45;6,25;6,25;0,0;1,55;3,731
798;2024-03-07;15,7;3,25;12,45;6,25;6,25;0,0;1,6;3,720333
799;2024-03-08;15,71;3,25;12,46;6,25;6,25;0,0;1,6;3,689667
800;2024-03-11;15,71;3,28;12,43;6,25;6,25;0,0;1,57;3,687833
801;2024-03-12;15,79;3,3;12,49;6,25;6,25;0,0;1,55;3,691833
802;2024-03-13;15,79;3,29;12,5;6,25;6,25;0,0;1,51;3,667
803;2024-03-14;15,81;3,3;12,51;6,25;6,25;0,0;1,5;3,678333
804;2024-03-15;15,8;3,28;12,52;6,25;6,25;0,0;1,51;3,689167
805;2024-03-18;15,7;3,28;12,42;6,25;6,07;-0,18;1,51;3,698833
806;2024-03-19;15,67;3,26;12,41;6,25;6,25;0,0;1,53;3,704333
807;2024-03-20;15,68;3,25;12,43;6,25;6,25;0,0;1,5;3,695167
808;2024-03-21;15,58;3,24;12,34;6,25;6,25;0,0;1,46;3,694667
809;2024-03-22;15,56;3,22;12,34;6,25;6,25;0,0;1,48;3,694
810;2024-03-25;15,6;3,21;12,39;6,25;6,25;0,0;1,48;3,705333
811;2024-03-26;15,71;3,24;12,47;6,25;6,25;0,0;1,5;3,723833
812;2024-03-27;15,7;3,19;12,51;6,25;6,25;0,0;1,51;3,718
813;2024-04-01;15,68;3,13;12,55;6,25;6,25;0,0;1,5;3,729667
814;2024-04-02;15,63;3,1;12,53;6,25;6,25;0,0;1,53;3,709667
815;2024-04-03;15,63;3,12;12,51;6,25;6,25;0,0;1,53;3,689667
816;2024-04-04;15,61;3,12;12,49;6,25;6,25;0,0;1,54;3,678
817;2024-04-05;15,6;3,13;12,47;6,25;6,25;0,0;1,49;3,686667
818;2024-04-08;15,67;3,13;12,54;6,25;6,25;0,0;1,5;3,676833
819;2024-04-09;15,72;3,18;12,54;6,25;6,25;0,0;1,48;3,692167
820;2024-04-10;15,89;3,19;12,7;6,25;6,25;0,0;1,46;3,709833
821;2024-04-11;15,89;3,19;12,7;6,25;6,25;0,0;1,47;3,7055
822;2024-04-12;15,89;3,18;12,71;6,0;6,0;0,0;1,5;3,702833
823;2024-04-15;15,83;3,19;12,64;6,0;6,0;0,0;1,54;3,725833
824;2024-04-16;15,85;3,17;12,68;6,0;6,0;0,0;1,57;3,756167
825;2024-04-17;15,78;3,18;12,6;6,0;6,0;0,0;1,58;3,7445
826;2024-04-18;15,69;3,17;12,52;6,0;6,0;0,0;1,57;3,7375
827;2024-04-19;15,66;3,16;12,5;6,0;6,0;0,0;1,57;3,699667
828;2024-04-22;15,67;3,16;12,51;6,0;6,0;0,0;1,56;3,6945
829;2024-04-23;15,76;3,19;12,57;6,0;6,0;0,0;1,55;3,701667
830;2024-04-24;15,77;3,16;12,61;6,0;6,0;0,0;1,56;3,724833
831;2024-04-25;15,72;3,18;12,54;6,0;6,0;0,0;1,57;3,747667
832;2024-04-26;15,74;3,14;12,6;6,0;6,0;0,0;1,58;3,752667
833;2024-04-29;15,75;3,18;12,57;6,0;6,0;0,0;1,58;3,729833
834;2024-04-30;15,81;3,16;12,65;6,0;6,0;0,0;1,6;3,754
835;2024-05-02;15,83;3,12;12,71;6,0;6,0;0,0;1,58;3,748333
836;2024-05-03;15,79;3,02;12,77;6,0;6,0;0,0;1,56;3,718833
837;2024-05-06;15,78;3,07;12,71;6,0;6,0;0,0;1,54;3,7255
838;2024-05-07;15,71;3,09;12,62;6,0;6,0;0,0;1,55;3,726833
839;2024-05-08;15,7;3,11;12,59;6,0;6,0;0,0;1,49;3,722167
840;2024-05-09;15,71;3,02;12,69;6,0;6,0;0,0;1,5;3,705833
841;2024-05-10;15,71;3,04;12,67;5,75;5,75;0,0;1,51;3,707167
842;2024-05-13;15,74;3,06;12,68;5,75;5,75;0,0;1,5;3,720333
843;2024-05-14;15,84;3,06;12,78;5,75;5,75;0,0;1,55;3,7245
844;2024-05-15;15,85;3,05;12,8;5,75;5,75;0,0;1,54;3,717833
845;2024-05-16;15,83;3,03;12,8;5,75;5,75;0,0;1,53;3,727833
846;2024-05-17;15,78;3,03;12,75;5,75;5,75;0,0;1,53;3,740333
847;2024-05-20;15,77;3,03;12,74;5,75;5,75;0,0;1,51;3,735667
848;2024-05-21;15,72;3,04;12,68;5,75;5,75;0,0;1,5;3,732167
849;2024-05-22;15,68;3,03;12,65;5,75;5,75;0,0;1,58;3,7415
850;2024-05-23;15,66;3,03;12,63;5,75;5,75;0,0;1,58;3,742333
851;2024-05-24;15,67;3,03;12,64;5,75;5,75;0,0;1,61;3,737667
852;2024-05-27;15,7;3,03;12,67;5,75;5,75;0,0;1,61;3,742833
853;2024-05-28;15,78;3,02;12,76;5,75;5,75;0,0;1,69;3,747167
854;2024-05-29;15,81;3,06;12,75;5,75;5,75;0,0;1,61;3,759833
855;2024-05-30;15,81;3,05;12,76;5,75;5,75;0,0;1,58;3,759833
856;2024-05-31;15,8;3,03;12,77;5,75;5,75;0,0;1,59;3,735333
857;2024-06-03;15,84;2,98;12,86;5,75;5,75;0,0;1,6;3,730833
858;2024-06-04;15,83;2,9;12,93;5,75;5,75;0,0;1,62;3,7405
859;2024-06-05;15,81;2,91;12,9;5,75;5,75;0,0;1,61;3,746333
860;2024-06-06;15,71;2,92;12,79;5,75;5,74;-0,01;1,63;3,753
861;2024-06-10;15,71;2,9;12,81;5,75;5,75;0,0;1,61;3,78
862;2024-06-11;15,74;2,95;12,79;5,75;5,75;0,0;1,65;3,783833
863;2024-06-12;15,75;2,96;12,79;5,75;5,75;0,0;1,61;3,771667
864;2024-06-13;15,75;3,01;12,74;5,75;5,72;-0,03;1,63;3,773167
865;2024-06-14;15,71;3,05;12,66;5,75;5,75;0,0;1,66;3,774
866;2024-06-17;15,69;2,97;12,72;5,75;5,75;0,0;1,62;3,7925
867;2024-06-18;15,62;2,99;12,63;5,75;5,75;0,0;1,64;3,790167
868;2024-06-19;15,6;2,97;12,63;5,75;5,75;0,0;1,64;3,818167
869;2024-06-20;15,53;2,97;12,56;5,75;5,75;0,0;1,62;3,8095
870;2024-06-21;15,5;2,93;12,57;5,75;5,75;0,0;1,6;3,802333
871;2024-06-24;15,47;2,88;12,59;5,75;5,75;0,0;1,6;3,8025
872;2024-06-25;15,56;2,92;12,64;5,75;5,75;0,0;1,58;3,813833
873;2024-06-26;15,58;2,9;12,68;5,75;5,75;0,0;1,56;3,822833
874;2024-06-27;15,53;2,95;12,58;5,75;5,75;0,0;1,56;3,823833
875;2024-06-28;15,5;2,91;12,59;5,75;5,75;0,0;1,54;3,836
876;2024-07-01;15,51;2,8;12,71;5,75;5,75;0,0;1,57;3,845833
877;2024-07-02;15,41;2,84;12,57;5,75;5,75;0,0;1,59;3,8275
878;2024-07-03;15,37;2,83;12,54;5,75;5,75;0,0;1,6;3,799667
879;2024-07-04;15,31;2,84;12,47;5,75;5,75;0,0;1,6;3,794833
880;2024-07-05;15,24;2,85;12,39;5,75;5,75;0,0;1,6;3,794667
881;2024-07-08;15,15;2,84;12,31;5,75;5,75;0,0;1,57;3,79
882;2024-07-09;15,19;2,86;12,33;5,75;5,75;0,0;1,59;3,783833
883;2024-07-10;15,2;2,86;12,34;5,75;5,75;0,0;1,58;3,780333
884;2024-07-11;15,17;2,83;12,34;5,75;5,75;0,0;1,53;3,766833
885;2024-07-12;15,14;2,8;12,34;5,75;5,75;0,0;1,57;3,732333
886;2024-07-15;15,1;2,8;12,3;5,75;5,75;0,0;1,57;3,728167
887;2024-07-16;15,06;2,77;12,29;5,75;5,75;0,0;1,59;3,716333
888;2024-07-17;26,48;2,76;23,72;5,75;5,75;0,0;1,62;3,7215
889;2024-07-18;14,9;2,75;12,15;5,75;5,7;-0,05;1,61;3,7365
890;2024-07-19;14,9;2,75;12,15;5,75;5,75;0,0;1,58;3,745167
891;2024-07-22;14,89;2,75;12,14;5,75;5,74;-0,01;1,6;3,755167
892;2024-07-24;14,96;2,73;12,23;5,75;5,59;-0,16;1,56;3,7755
893;2024-07-25;14,92;2,74;12,18;5,75;5,75;0,0;1,57;3,760833
894;2024-07-30;14,95;2,74;12,21;5,75;5,75;0,0;1,61;3,734833
895;2024-07-31;15,01;2,69;12,32;5,75;5,75;0,0;1,64;3,7195
896;2024-08-01;15,1;2,66;12,44;5,75;5,75;0,0;1,74;3,738
897;2024-08-02;15,05;2,67;12,38;5,75;5,75;0,0;1,85;3,743167
898;2024-08-05;15,02;2,58;12,44;5,75;5,75;0,0;1,91;3,745833
899;2024-08-07;14,89;2,61;12,28;5,75;5,75;0,0;1,77;3,734167
900;2024-08-08;14,93;2,63;12,3;5,75;5,75;0,0;1,75;3,7295
901;2024-08-09;14,93;2,63;12,3;5,5;5,5;0,0;1,74;3,730667
902;2024-08-12;14,95;2,7;12,25;5,5;5,5;0,0;1,75;3,744333
903;2024-08-13;14,98;2,67;12,31;5,5;5,5;0,0;1,73;3,747667
904;2024-08-14;14,96;2,62;12,34;5,5;5,5;0,0;1,69;3,738167
905;2024-08-15;14,96;2,67;12,29;5,5;5,5;0,0;1,67;3,737167
906;2024-08-16;14,95;2,65;12,3;5,5;5,5;0,0;1,66;3,7425
907;2024-08-19;14,92;2,66;12,26;5,5;5,5;0,0;1,64;3,734833
908;2024-08-20;14,93;2,62;12,31;5,5;5,5;0,0;1,65;3,7465
909;2024-08-21;14,83;2,65;12,18;5,5;5,5;0,0;1,63;3,744333
910;2024-08-22;14,79;2,66;12,13;5,5;5,37;-0,13;1,63;3,759
911;2024-08-23;14,79;2,65;12,14;5,5;5,5;0,0;1,63;3,746
912;2024-08-26;14,84;2,64;12,2;5,5;5,5;0,0;1,6;3,752
913;2024-08-27;14,89;2,66;12,23;5,5;5,5;0,0;1,61;3,743333
914;2024-08-28;14,93;2,66;12,27;5,5;5,44;-0,06;1,62;3,739333
915;2024-08-29;14,87;2,64;12,23;5,5;5,5;0,0;1,64;3,747667
916;2024-09-02;14,9;2,59;12,31;5,5;5,5;0,0;1,57;3,765
917;2024-09-03;14,89;2,58;12,31;5,5;5,5;0,0;1,66;3,783667
918;2024-09-04;14,79;2,59;12,2;5,5;5,5;0,0;1,66;3,796667
919;2024-09-05;14,77;2,59;12,18;5,5;5,5;0,0;1,7;3,794833
920;2024-09-06;14,71;2,59;12,12;5,5;5,49;-0,01;1,69;3,796667
921;2024-09-09;14,72;2,59;12,13;5,5;5,48;-0,02;1,71;3,811833
922;2024-09-10;14,78;2,61;12,17;5,5;5,4;-0,1;1,71;3,8185
923;2024-09-11;14,78;2,61;12,17;5,5;5,5;0,0;1,73;3,788
924;2024-09-12;14,76;2,62;12,14;5,5;5,35;-0,15;1,68;3,768833
925;2024-09-13;14,78;2,62;12,16;5,25;5,25;0,0;1,68;3,7695
926;2024-09-16;14,78;2,6;12,18;5,25;5,25;0,0;1,67;3,783667
927;2024-09-17;14,68;2,61;12,07;5,25;5,25;0,0;1,64;3,7735
928;2024-09-18;14,6;2,61;11,99;5,25;5,25;0,0;1,59;3,758833
929;2024-09-19;14,59;2,61;11,98;5,25;5,25;0,0;1,58;3,747833
930;2024-09-20;14,58;2,61;11,97;5,25;5,25;0,0;1,59;3,751833
931;2024-09-23;14,59;2,61;11,98;5,25;5,25;0,0;1,59;3,770167
932;2024-09-24;14,66;2,6;12,06;5,25;5,25;0,0;1,6;3,764167
933;2024-09-25;14,68;2,6;12,08;5,25;5,25;0,0;1,55;3,762333
934;2024-09-26;14,69;2,6;12,09;5,25;5,25;0,0;1,56;3,730833
935;2024-09-27;14,69;2,62;12,07;5,25;5,25;0,0;1,56;3,7155
936;2024-09-30;14,72;2,58;12,14;5,25;5,25;0,0;1,54;3,708167
937;2024-10-01;14,83;2,55;12,28;5,25;5,25;0,0;1,54;3,718167
938;2024-10-02;14,98;2,55;12,43;5,25;5,25;0,0;1,52;3,718
939;2024-10-03;14,85;2,59;12,26;5,25;5,25;0,0;1,5;3,728667
940;2024-10-04;14,82;2,47;12,35;5,25;5,25;0,0;1,49;3,732333
941;2024-10-07;14,83;2,5;12,33;5,25;5,25;0,0;1,51;3,740833
942;2024-10-09;14,82;2,52;12,3;5,25;5,25;0,0;1,53;3,758667
943;2024-10-10;14,85;2,53;12,32;5,25;5,25;0,0;1,58;3,7685
944;2024-10-11;14,86;2,53;12,33;5,25;5,25;0,0;1,56;3,756
945;2024-10-14;14,76;2,52;12,24;5,25;5,25;0,0;1,58;3,758167
946;2024-10-15;14,8;2,59;12,21;5,25;5,25;0,0;1,58;3,77
947;2024-10-16;14,76;2,59;12,17;5,25;5,25;0,0;1,55;3,771667
948;2024-10-17;14,68;2,59;12,09;5,25;5,25;0,0;1,52;3,766333
949;2024-10-18;14,67;2,59;12,08;5,25;5,25;0,0;1,53;3,754
950;2024-10-21;14,66;2,6;12,06;5,25;5,25;0,0;1,52;3,765333
951;2024-10-22;14,61;2,6;12,01;5,25;5,25;0,0;1,56;3,7555
952;2024-10-23;14,59;2,61;11,98;5,25;5,25;0,0;1,57;3,754167
953;2024-10-24;14,61;2,59;12,02;5,25;5,25;0,0;1,57;3,753667
954;2024-10-25;14,62;2,61;12,01;5,25;5,25;0,0;1,54;3,7605
955;2024-10-28;14,68;2,6;12,08;5,25;5,2;-0,05;1,52;3,771
956;2024-10-29;14,68;2,59;12,09;5,25;5,25;0,0;1,54;3,771167
957;2024-10-30;14,66;2,59;12,07;5,25;5,25;0,0;1,51;3,7745
958;2024-10-31;14,69;2,58;12,11;5,25;5,25;0,0;1,56;3,768167
959;2024-11-04;14,73;2,54;12,19;5,25;5,25;0,0;1,57;3,768667
960;2024-11-05;14,79;2,45;12,34;5,25;5,25;0,0;1,6;3,774833
961;2024-11-06;14,72;2,48;12,24;5,25;5,25;0,0;1,55;3,784833
962;2024-11-07;14,73;2,48;12,25;5,25;5,25;0,0;1,51;3,755833
963;2024-11-08;14,82;2,48;12,34;5,0;5,0;0,0;1,53;3,7695
964;2024-11-11;14,84;2,5;12,34;5,0;5,0;0,0;1,53;3,778333
965;2024-11-12;14,91;2,55;12,36;5,0;5,0;0,0;1,51;3,7885
966;2024-11-13;14,92;2,54;12,38;5,0;5,0;0,0;1,49;3,801833
967;2024-11-14;14,91;2,55;12,36;5,0;5,0;0,0;1,48;3,803667
968;2024-11-15;14,89;2,55;12,34;5,0;5,0;0,0;1,57;3,8015
969;2024-11-18;14,87;2,55;12,32;5,0;5,0;0,0;1,62;3,795667
970;2024-11-19;14,79;2,55;12,24;5,0;5,0;0,0;1,54;3,7965
971;2024-11-20;14,76;2,42;12,34;5,0;5,0;0,0;1,56;3,796
972;2024-11-21;14,73;2,54;12,19;5,0;5,0;0,0;1,54;3,795
973;2024-11-22;14,64;2,55;12,09;5,0;5,0;0,0;1,55;3,795167
974;2024-11-25;14,66;2,53;12,13;5,0;5,0;0,0;1,62;3,774667
975;2024-11-26;14,79;2,51;12,28;5,0;5,0;0,0;1,59;3,768
976;2024-11-27;14,79;2,51;12,28;5,0;5,0;0,0;1,57;3,757333
977;2024-11-28;14,79;2,52;12,27;5,0;5,0;0,0;1,57;3,748
978;2024-11-29;14,78;2,5;12,28;5,0;5,0;0,0;1,61;3,746167
979;2024-12-02;14,85;2,48;12,37;5,0;5,0;0,0;1,61;3,760333
980;2024-12-03;14,87;2,43;12,44;5,0;5,0;0,0;1,55;3,745333
981;2024-12-04;14,83;2,42;12,41;5,0;5,0;0,0;1,58;3,738833
982;2024-12-05;14,82;2,42;12,4;5,0;5,0;0,0;1,56;3,730833
983;2024-12-06;14,77;2,42;12,35;5,0;5,0;0,0;1,53;3,721833
984;2024-12-10;14,85;2,42;12,43;5,0;5,0;0,0;1,5;3,712
985;2024-12-11;14,97;2,43;12,54;5,0;5,0;0,0;1,47;3,720833
986;2024-12-12;14,98;2,43;12,55;5,0;5,0;0,0;1,47;3,735833
987;2024-12-13;14,99;2,44;12,55;5,0;5,0;0,0;1,5;3,7355
988;2024-12-16;14,93;2,42;12,51;5,0;5,0;0,0;1,57;3,7345
989;2024-12-17;14,92;2,43;12,49;5,0;5,0;0,0;1,54;3,741167
990;2024-12-18;14,9;2,42;12,48;5,0;4,29;-0,71;1,53;3,735167
991;2024-12-19;14,83;2,42;12,41;5,0;5,0;0,0;1,61;3,737333
992;2024-12-20;14,76;2,41;12,35;5,0;5,0;0,0;1,57;3,724167
993;2024-12-23;14,77;2,39;12,38;5,0;5,0;0,0;1,53;3,727833
994;2024-12-24;14,86;2,39;12,47;5,0;5,0;0,0;1,54;3,729667
995;2024-12-26;14,93;2,39;12,54;5,0;5,0;0,0;1,57;3,741167
996;2024-12-27;14,98;2,38;12,6;5,0;5,0;0,0;1,52;3,7465
997;2024-12-30;15,02;2,38;12,64;5,0;4,94;-0,06;1,6;3,766667
998;2025-01-02;15,19;2,35;12,84;5,0;5,0;0,0;1,59;3,754167
999;2025-01-03;15,09;2,27;12,82;5,0;5,0;0,0;1,55;3,760167
1000;2025-01-06;15,04;2,3;12,74;5,0;5,0;0,0;1,56;3,7625
1001;2025-01-07;15,01;2,33;12,68;5,0;5,0;0,0;1,54;3,7695
1002;2025-01-08;28,32;2,32;26,0;5,0;5,0;0,0;1,61;3,781167
1003;2025-01-09;15,01;2,35;12,66;5,0;5,0;0,0;1,57;3,7675
1004;2025-01-10;15,01;2,36;12,65;4,75;4,75;0,0;1,58;3,77
1005;2025-01-13;15,05;2,37;12,68;4,75;4,75;0,0;1,57;3,781667
1006;2025-01-14;15,09;2,38;12,71;4,75;4,75;0,0;1,57;3,7755
1007;2025-01-15;15,06;2,38;12,68;4,75;4,75;0,0;1,57;3,765333
1008;2025-01-16;14,95;2,37;12,58;4,75;4,74;-0,01;1,58;3,766167
1009;2025-01-17;14,89;2,37;12,52;4,75;4,74;-0,01;1,55;3,747167
1010;2025-01-20;14,89;2,36;12,53;4,75;4,75;0,0;1,55;3,734667
1011;2025-01-21;14,9;2,37;12,53;4,75;4,75;0,0;1,54;3,732
1012;2025-01-22;14,92;2,38;12,54;4,75;4,75;0,0;1,53;3,721167
1013;2025-01-23;14,93;2,37;12,56;4,75;4,75;0,0;1,55;3,7145
1014;2025-01-24;14,9;2,36;12,54;4,75;4,75;0,0;1,54;3,714167
1015;2025-01-27;14,93;2,37;12,56;4,75;4,75;0,0;1,58;3,7375
1016;2025-01-28;29,5;2,37;27,13;4,75;4,75;0,0;1,58;3,740667
1017;2025-01-29;15,01;2,39;12,62;4,75;4,75;0,0;1,59;3,7235
1018;2025-01-30;15,02;2,38;12,64;4,75;4,54;-0,21;1,58;3,717833
1019;2025-01-31;15,02;2,36;12,66;4,75;4,75;0,0;1,59;3,723667
1020;2025-02-03;15,03;2,36;12,67;4,75;4,75;0,0;1,61;3,720833
1021;2025-02-04;14,99;2,3;12,69;4,75;4,75;0,0;1,61;3,706333
1022;2025-02-05;14,95;2,32;12,63;4,75;4,75;0,0;1,61;3,717667
1023;2025-02-06;14,8;2,32;12,48;4,75;4,75;0,0;1,57;3,713
1024;2025-02-07;14,79;2,32;12,47;4,75;4,75;0,0;1,59;3,716167
1025;2025-02-10;14,83;2,35;12,48;4,75;4,75;0,0;1,58;3,714167
1026;2025-02-11;14,91;2,37;12,54;4,75;4,75;0,0;1,58;3,712833
1027;2025-02-12;14,93;2,42;12,51;4,75;4,75;0,0;1,57;3,713
1028;2025-02-13;14,94;2,36;12,58;4,75;4,75;0,0;1,58;3,716833
1029;2025-02-14;14,96;2,35;12,61;4,75;4,75;0,0;1,54;3,7035
1030;2025-02-17;14,95;2,35;12,6;4,75;4,75;0,0;1,54;3,6945
1031;2025-02-18;14,98;2,35;12,63;4,75;4,75;0,0;1,51;3,688
1032;2025-02-19;14,95;2,36;12,59;4,75;4,75;0,0;1,55;3,686833
1033;2025-02-20;14,93;2,36;12,57;4,75;4,75;0,0;1,56;3,682667
1034;2025-02-21;14,79;2,35;12,44;4,75;4,75;0,0;1,59;3,678667
1035;2025-02-24;14,81;2,37;12,44;4,75;4,75;0,0;1,6;3,686
1036;2025-02-25;14,91;2,35;12,56;4,75;4,75;0,0;1,62;3,682
1037;2025-02-26;14,93;2,37;12,56;4,75;4,75;0,0;1,6;3,675
1038;2025-02-27;14,93;2,37;12,56;4,75;4,75;0,0;1,6;3,671833
1039;2025-02-28;14,92;2,36;12,56;4,75;4,82;0,07;1,64;3,681333
1040;2025-03-03;14,93;2,34;12,59;4,75;4,75;0,0;1,67;3,685833
1041;2025-03-04;14,91;2,34;12,57;4,75;4,75;0,0;1,6;3,688
1042;2025-03-05;14,89;2,34;12,55;4,75;4,75;0,0;1,55;3,655667
1043;2025-03-06;14,76;2,3;12,46;4,75;4,75;0,0;1,61;3,649333
1044;2025-03-07;14,74;2,32;12,42;4,75;4,75;0,0;1,58;3,658333
1045;2025-03-10;14,76;2,34;12,42;4,75;4,75;0,0;1,62;3,663833
1046;2025-03-11;14,84;2,37;12,47;4,75;4,75;0,0;1,62;3,667167
1047;2025-03-12;14,84;2,36;12,48;4,75;4,75;0,0;1,61;3,662167
1048;2025-03-13;14,83;2,36;12,47;4,75;4,75;0,0;1,71;3,669667
1049;2025-03-14;14,81;2,37;12,44;4,75;4,75;0,0;1,67;3,657167
1050;2025-03-17;14,81;2,37;12,44;4,75;4,75;0,0;1,69;3,646833
1051;2025-03-18;14,8;2,34;12,46;4,75;4,75;0,0;1,68;3,635667
1052;2025-03-19;14,77;2,36;12,41;4,75;4,75;0,0;1,64;3,621333
1053;2025-03-20;14,73;2,34;12,39;4,75;4,75;0,0;1,62;3,6245
1054;2025-03-21;14,61;2,34;12,27;4,75;4,75;0,0;1,62;3,634833
1055;2025-03-24;14,6;2,36;12,24;4,75;4,75;0,0;1,58;3,646333
1056;2025-03-25;14,65;2,33;12,32;4,75;4,75;0,0;1,6;3,637667
1057;2025-03-26;14,7;2,33;12,37;4,75;4,75;0,0;1,59;3,64
1058;2025-03-27;14,72;2,34;12,38;4,75;4,75;0,0;1,62;3,645333
1059;2025-03-28;14,72;2,32;12,4;4,75;4,75;0,0;1,68;3,652667
1060;2025-03-31;14,75;2,33;12,42;4,75;4,75;0,0;1,7;3,670833
1061;2025-04-01;14,97;2,25;12,72;4,75;4,75;0,0;1,68;3,672167
1062;2025-04-02;14,86;2,27;12,59;4,75;4,75;0,0;1,68;3,676667
1063;2025-04-03;14,88;2,24;12,64;4,75;4,75;0,0;1,78;3,663333
1064;2025-04-04;14,88;2,22;12,66;4,75;4,75;0,0;1,85;3,693333
1065;2025-04-07;14,85;2,26;12,59;4,75;4,75;0,0;1,86;3,706833
1066;2025-04-08;14,85;2,26;12,59;4,75;4,75;0,0;1,87;3,737
1067;2025-04-09;14,87;2,29;12,58;4,75;4,8;0,05;1,8;3,741833
1068;2025-04-10;14,93;2,31;12,62;4,75;4,75;0,0;1,77;3,7295
1069;2025-04-11;14,96;2,31;12,65;4,75;4,75;0,0;1,83;3,729667
1070;2025-04-14;28,61;2,32;26,29;4,75;4,7;-0,05;1,79;3,7305
1071;2025-04-15;15,08;2,31;12,77;4,75;4,75;0,0;1,8;3,746167
1072;2025-04-16;15,05;2,29;12,76;4,75;4,75;0,0;1,84;3,733
1073;2025-04-21;15,02;2,3;12,72;4,75;4,75;0,0;1,8;3,7075
1074;2025-04-22;15,04;2,3;12,74;4,75;4,75;0,0;1,76;3,694833
1075;2025-04-23;14,85;2,32;12,53;4,75;4,75;0,0;1,69;3,6955
1076;2025-04-24;14,96;2,31;12,65;4,75;4,75;0,0;1,72;3,679
1077;2025-04-25;14,96;2,29;12,67;4,75;4,75;0,0;1,71;3,670167
1078;2025-04-28;28,26;2,31;25,95;4,75;4,75;0,0;1,73;3,669333
1079;2025-04-29;14,99;2,3;12,69;4,75;4,75;0,0;1,76;3,669333
1080;2025-04-30;15,02;2,33;12,69;4,75;4,75;0,0;1,76;3,672667
1081;2025-05-02;15,02;2,3;12,72;4,75;4,75;0,0;1,67;3,653167
1082;2025-05-05;27,7;2,22;25,48;4,75;4,75;0,0;1,69;3,659333
1083;2025-05-06;14,96;2,24;12,72;4,75;4,76;0,01;1,67;3,659833
1084;2025-05-07;14,89;2,32;12,57;4,75;4,75;0,0;1,69;3,653667
1085;2025-05-08;14,9;2,23;12,67;4,75;4,75;0,0;1,62;3,639167
1086;2025-05-09;14,9;2,23;12,67;4,5;4,5;0,0;1,63;3,6445
1087;2025-05-12;14,96;2,24;12,72;4,5;4,5;0,0;1,55;3,6575
1088;2025-05-13;15,07;2,27;12,8;4,5;4,5;0,0;1,54;3,656333
1089;2025-05-14;15,09;2,28;12,81;4,5;4,5;0,0;1,54;3,678833
1090;2025-05-15;15,04;2,27;12,77;4,5;4,5;0,0;1,55;3,682333
1091;2025-05-16;15,01;2,27;12,74;4,5;4,5;0,0;1,56;3,692667
1092;2025-05-19;14,96;2,27;12,69;4,5;4,5;0,0;1,53;3,687667
1093;2025-05-20;14,97;2,26;12,71;4,5;4,5;0,0;1,53;3,692667
1094;2025-05-21;14,86;2,25;12,61;4,5;4,5;0,0;1,5;3,681167
1095;2025-05-22;14,84;2,25;12,59;4,5;4,5;0,0;1,54;3,664167
1096;2025-05-23;14,81;2,26;12,55;4,5;4,5;0,0;1,54;3,6605
1097;2025-05-26;14,88;2,24;12,64;4,5;4,5;0,0;1,54;3,657167
1098;2025-05-27;14,96;2,27;12,69;4,5;4,5;0,0;1,52;3,646833
1099;2025-05-28;14,98;2,3;12,68;4,5;4,5;0,0;1,54;3,6445
1100;2025-05-29;14,99;2,3;12,69;4,5;4,5;0,0;1,53;3,632333
1101;2025-05-30;14,96;2,28;12,68;4,5;4,5;0,0;1,58;3,628167
1102;2025-06-02;15,01;2,25;12,76;4,5;4,5;0,0;1,57;3,6165
1103;2025-06-03;14,97;2,17;12,8;4,5;4,5;0,0;1,54;3,625
1104;2025-06-04;14,97;2,2;12,77;4,5;4,5;0,0;1,6;3,615833
1105;2025-06-05;14,95;2,21;12,74;4,5;4,5;0,0;1,57;3,625833
1106;2025-06-06;14,85;2,21;12,64;4,5;4,5;0,0;1,51;3,651167
1107;2025-06-09;14,84;2,23;12,61;4,5;4,5;0,0;1,54;3,644333
1108;2025-06-10;14,95;2,26;12,69;4,5;4,5;0,0;1,53;3,6355
1109;2025-06-11;14,97;2,27;12,7;4,5;4,5;0,0;1,51;3,630167
1110;2025-06-12;32,19;2,3;29,89;4,5;4,5;0,0;1,54;3,6165
1111;2025-06-13;15,01;2,3;12,71;4,5;4,5;0,0;1,51;3,616667
1112;2025-06-16;15,02;2,3;12,72;4,5;4,5;0,0;1,46;3,607333
1113;2025-06-17;15,04;2,29;12,75;4,5;4,5;0,0;1,49;3,613
1114;2025-06-18;15,04;2,3;12,74;4,5;4,5;0,0;1,53;3,595
1115;2025-06-19;15,01;2,3;12,71;4,5;4,5;0,0;1,53;3,588667
1116;2025-06-20;14,97;2,3;12,67;4,5;4,5;0,0;1,54;3,598667
1117;2025-06-23;14,91;2,31;12,6;4,5;4,5;0,0;1,55;3,600667
1118;2025-06-24;14,98;2,3;12,68;4,5;4,5;0,0;1,56;3,576833
1119;2025-06-25;14,99;2,3;12,69;4,5;4,5;0,0;1,58;3,572833
1120;2025-06-26;15,06;2,29;12,77;4,5;4,5;0,0;1,6;3,562333
1121;2025-06-27;15,06;2,31;12,75;4,5;4,5;0,0;1,55;3,5505
1122;2025-06-30;15,13;2,31;12,82;4,5;4,63;0,13;1,54;3,5415
1123;2025-07-01;15,81;2,88;12,93;4,5;4,5;0,0;1,49;3,554333
1124;2025-07-02;15,21;2,19;13,02;4,5;4,5;0,0;1,49;3,555333
1125;2025-07-03;15,18;2,09;13,09;4,5;4,5;0,0;1,43;3,5425
1126;2025-07-04;15,19;2,11;13,08;4,5;4,5;0,0;1,43;3,551167
1127;2025-07-07;15,18;2,11;13,07;4,5;4,5;0,0;1,41;3,562333
1128;2025-07-08;15,11;2,12;12,99;4,5;4,5;0,0;1,45;3,557667
1129;2025-07-09;15,08;2,12;12,96;4,5;4,5;0,0;1,42;3,550333
1130;2025-07-10;15,09;2,12;12,97;4,5;4,5;0,0;1,42;3,552
1131;2025-07-11;15,06;2,14;12,92;4,5;4,5;0,0;1,35;3,554167
1132;2025-07-14;15,07;2,16;12,91;4,5;4,5;0,0;1,38;3,5655
1133;2025-07-15;15,08;2,13;12,95;4,5;4,5;0,0;1,34;3,565167
1134;2025-07-16;15,02;2,13;12,89;4,5;4,5;0,0;1,4;3,553333
1135;2025-07-17;14,96;2,13;12,83;4,5;4,5;0,0;1,39;3,5545
1136;2025-07-18;14,9;2,15;12,75;4,5;4,5;0,0;1,39;3,565
1137;2025-07-21;14,92;2,15;12,77;4,5;4,5;0,0;1,37;3,561
1138;2025-07-22;14,86;2,16;12,7;4,5;4,49;-0,01;1,42;3,558167
1139;2025-07-24;14,87;2,16;12,71;4,5;4,5;0,0;1,38;3,5485
1140;2025-07-25;14,9;2,15;12,75;4,5;4,5;0,0;1,42;3,545
1141;2025-07-30;14,95;2,15;12,8;4,5;4,5;0,0;1,42;3,567
1142;2025-07-31;15,08;2,13;12,95;4,5;4,5;0,0;1,4;3,587833
1143;2025-08-01;15,12;2,1;13,02;4,5;4,5;0,0;1,47;3,582667
1144;2025-08-04;15,09;2,02;13,07;4,5;4,5;0,0;1,43;3,569667
1145;2025-08-05;15,1;2,06;13,04;4,5;4,5;0,0;1,44;3,558333
1146;2025-08-07;14,98;2,07;12,91;4,5;4,5;0,0;1,38;3,544
1147;2025-08-08;14,99;2,06;12,93;4,5;4,5;0,0;1,34;3,527
1148;2025-08-11;15,04;2,12;12,92;4,5;4,5;0,0;1,33;3,531667
1149;2025-08-12;15,14;2,19;12,95;4,5;4,5;0,0;1,32;3,5235
1150;2025-08-13;15,15;2,16;12,99;4,5;4,5;0,0;1,31;3,538167
1151;2025-08-14;15,2;2,16;13,04;4,5;4,5;0,0;1,28;3,560667
1152;2025-08-15;15,22;2,17;13,05;4,5;4,5;0,0;1,26;3,561833
1153;2025-08-18;15,21;2,17;13,04;4,5;4,5;0,0;1,25;3,553167
1154;2025-08-19;15,21;2,17;13,04;4,5;4,5;0,0;1,26;3,533667
1155;2025-08-20;15,2;2,17;13,03;4,5;4,5;0,0;1,28;3,53
1156;2025-08-21;15,1;2,17;12,93;4,5;4,5;0,0;1,3;3,536167
1157;2025-08-22;15,1;2,16;12,94;4,5;4,5;0,0;1,31;3,523
1158;2025-08-25;15,13;2,17;12,96;4,5;4,5;0,0;1,29;3,528333
1159;2025-08-26;15,25;2,18;13,07;4,5;4,5;0,0;1,31;3,538
1160;2025-08-27;15,29;2,17;13,12;4,5;4,5;0,0;1,36;3,5535
1161;2025-08-28;15,3;2,16;13,14;4,5;4,5;0,0;1,35;3,544167
1162;2025-08-29;15,33;2,14;13,19;4,5;4,5;0,0;1,31;3,534
1163;2025-09-01;15,32;2,12;13,2;4,5;4,5;0,0;1,31;3,534167
1164;2025-09-02;15,32;2,03;13,29;4,5;4,5;0,0;1,33;3,5415
1165;2025-09-03;15,32;2,05;13,27;4,5;4,5;0,0;1,33;3,531833
1166;2025-09-04;15,37;2,07;13,3;4,5;4,5;0,0;1,33;3,5335
1167;2025-09-05;15,34;2,06;13,28;4,5;4,5;0,0;1,33;3,521167
1168;2025-09-08;15,26;2,08;13,18;4,5;4,5;0,0;1,32;3,516333
1169;2025-09-09;15,29;2,12;13,17;4,5;4,5;0,0;1,31;3,505
1170;2025-09-10;15,31;2,12;13,19;4,5;4,5;0,0;1,28;3,486333
1171;2025-09-11;15,33;2,13;13,2;4,5;4,5;0,0;1,23;3,481
1172;2025-09-12;15,32;2,17;13,15;4,25;4,25;0,0;1,22;3,495333
1173;2025-09-15;15,36;2,17;13,19;4,25;4,29;0,04;1,23;3,493
1174;2025-09-16;15,4;2,16;13,24;4,25;4,25;0,0;1,23;3,484167
1175;2025-09-17;15,37;2,17;13,2;4,25;4,25;0,0;1,2;3,483167
1176;2025-09-18;15,36;2,17;13,19;4,25;4,25;0,0;1,17;3,486833
1177;2025-09-19;15,35;2,16;13,19;4,25;4,25;0,0;1,18;3,493571
1178;2025-09-22;15,35;2,17;13,18;4,25;4,25;0,0;1,18;3,504786
1179;2025-09-23;15,32;2,19;13,13;4,25;4,25;0,0;1,19;3,501214
1180;2025-09-24;15,33;2,18;13,15;4,25;4,25;0,0;1,17;3,507643
1181;2025-09-25;15,35;2,18;13,17;4,25;4,25;0,0;1,18;3,507143
1182;2025-09-26;15,41;2,18;13,23;4,25;4,25;0,0;1,18;3,496929
1183;2025-09-29;15,41;2,19;13,22;4,25;4,25;0,0;1,2;3,482357
1184;2025-09-30;15,49;2,18;13,31;4,25;4,25;0,0;1,19;3,473
1185;2025-10-01;15,56;2,12;13,44;4,25;4,25;0,0;1,21;3,4705
1186;2025-10-02;15,46;2,05;13,41;4,25;4,25;0,0;1,22;3,482357
1187;2025-10-03;15,42;2,07;13,35;4,25;4,25;0,0;1,19;3,468
1188;2025-10-06;15,42;2,07;13,35;4,25;4,25;0,0;1,17;3,458857
1189;2025-10-07;15,36;2,09;13,27;4,25;4,25;0,0;1,2;3,449571
1190;2025-10-09;15,35;2,11;13,24;4,25;4,25;0,0;1,21;3,434643
1191;2025-10-10;15,5;2,11;13,39;4,25;4,25;0,0;1,31;3,439
1192;2025-10-13;15,55;2,12;13,43;4,25;4,25;0,0;1,31;3,428571
1193;2025-10-14;15,65;2,13;13,52;4,25;4,25;0,0;1,31;3,426357
1194;2025-10-15;15,66;2,12;13,54;4,25;4,25;0,0;1,26;3,4115
1195;2025-10-16;15,65;2,14;13,51;4,25;4,25;0,0;1,29;3,393786
1196;2025-10-17;15,59;2,14;13,45;4,25;4,25;0,0;1,26;3,385429
1197;2025-10-20;15,61;2,16;13,45;4,25;4,25;0,0;1,24;3,3725
1198;2025-10-21;15,56;2,16;13,4;4,25;4,25;0,0;1,2;3,386714
1199;2025-10-22;15,53;2,15;13,38;4,25;4,25;0,0;1,23;3,401357
1200;2025-10-23;15,55;2,15;13,4;4,25;4,25;0,0;1,24;3,396929
1201;2025-10-24;15,56;2,13;13,43;4,25;4,25;0,0;1,22;3,383857
1202;2025-10-27;15,6;2,13;13,47;4,25;4,25;0,0;1,23;3,381571
1203;2025-10-28;15,71;2,13;13,58;4,25;4,25;0,0;1,24;3,392
1204;2025-10-29;15,72;2,14;13,58;4,25;4,25;0,0;1,18;3,390214
1205;2025-10-30;15,73;2,16;13,57;4,25;4,25;0,0;1,22;3,394071
1206;2025-10-31;15,72;2,15;13,57;4,25;4,25;0,0;1,2;3,375857
1207;2025-11-03;15,72;2,12;13,6;4,25;4,25;0,0;1,24;3,374929
1208;2025-11-04;15,68;2,03;13,65;4,25;4,25;0,0;1,27;3,387071
1209;2025-11-05;15,66;2,06;13,6;4,25;4,25;0,0;1,25;3,376429
1210;2025-11-06;15,57;2,06;13,51;4,25;4,26;0,01;1,29;3,375357
1211;2025-11-07;15,61;2,07;13,54;4,25;4,25;0,0;1,29;3,3765
1212;2025-11-10;15,63;2,06;13,57;4,25;4,25;0,0;1,25;3,372357
1213;2025-11-11;15,78;2,1;13,68;4,25;4,25;0,0;1,25;3,360857
1214;2025-11-12;15,8;2,1;13,7;4,25;4,25;0,0;1,26;3,369429
1215;2025-11-13;15,82;2,09;13,73;4,25;4,25;0,0;1,24;3,365
1216;2025-11-14;15,82;2,11;13,71;4,25;4,25;0,0;1,19;3,3725
1217;2025-11-17;15,8;2,12;13,68;4,25;4,25;0,0;1,24;3,363357
1218;2025-11-18;15,79;2,11;13,68;4,25;4,25;0,0;1,25;3,369071
1219;2025-11-19;15,77;2,11;13,66;4,25;4,25;0,0;1,2;3,377714
1220;2025-11-20;15,8;2,1;13,7;4,25;4,25;0,0;1,26;3,381143
1221;2025-11-21;15,71;2,11;13,6;4,25;4,25;0,0;1,27;3,389286
1222;2025-11-24;15,7;2,11;13,59;4,25;4,25;0,0;1,29;3,385286
1223;2025-11-25;15,81;2,1;13,71;4,25;4,25;0,0;1,3;3,377214
1224;2025-11-26;15,84;2,1;13,74;4,25;4,25;0,0;1,3;3,366857
1225;2025-11-27;15,85;2,11;13,74;4,25;4,25;0,0;1,3;3,366429
1226;2025-11-28;15,86;2,08;13,78;4,25;4,25;0,0;1,28;3,3625
1227;2025-12-01;15,85;2,06;13,79;4,25;4,25;0,0;1,24;3,370643
1228;2025-12-02;15,94;1,94;14,0;4,25;4,25;0,0;1,23;3,370143
1229;2025-12-03;15,92;1,98;13,94;4,25;4,25;0,0;1,23;3,3645
1230;2025-12-04;15,9;2,05;13,85;4,25;4,25;0,0;1,21;3,359429
1231;2025-12-05;15,88;1,98;13,9;4,25;4,25;0,0;1,21;3,366714
1232;2025-12-10;15,77;1,99;13,78;4,25;4,25;0,0;1,24;3,372143
1233;2025-12-11;15,86;1,98;13,88;4,25;4,25;0,0;1,24;3,367571
1234;2025-12-12;15,89;1,97;13,92;4,25;4,25;0,0;1,21;3,368857
1235;2025-12-15;15,87;1,98;13,89;4,25;4,25;0,0;1,2;3,3705
1236;2025-12-16;15,86;1,99;13,87;4,25;4,25;0,0;1,24;3,371429
1237;2025-12-17;15,8;1,98;13,82;4,25;4,25;0,0;1,21;3,369143
1238;2025-12-18;15,77;1,99;13,78;4,25;4,25;0,0;1,27;3,366643
1239;2025-12-19;15,75;1,97;13,78;4,25;4,21;-0,04;1,29;3,367857
1240;2025-12-22;15,77;1,97;13,8;4,25;4,25;0,0;1,28;3,366143
1241;2025-12-23;15,78;1,96;13,82;4,25;4,25;0,0;1,32;3,367
1242;2025-12-24;15,81;1,97;13,84;4,25;4,25;0,0;1,34;3,365
1243;2025-12-29;15,94;1,96;13,98;4,25;4,25;0,0;1,36;3,367
1244;2025-12-30;16,04;1,97;14,07;4,25;4,25;0,0;1,37;3,364357
1245;2025-12-31;17,06;1,97;15,09;4,25;3,85;-0,4;1,35;3,3636
