id;fecha;tamn_sbs_pct;tipmn_sbs_pct
1;1/01/2021;12,1;0,98
2;4/01/2021;12,23;0,98
3;5/01/2021;12,15;0,97
4;6/01/2021;12,1;0,96
5;7/01/2021;12,08;0,96
6;8/01/2021;12,05;0,96
7;11/01/2021;12,06;0,96
8;12/01/2021;12,11;0,95
9;13/01/2021;12,1;0,95
10;14/01/2021;12,1;0,95
11;15/01/2021;12,09;0,95
12;18/01/2021;12,05;0,94
13;19/01/2021;12,02;0,94
14;20/01/2021;11,92;0,94
15;21/01/2021;11,88;0,94
16;22/01/2021;11,95;0,95
17;25/01/2021;11,95;0,94
18;26/01/2021;11,98;0,93
19;27/01/2021;11,95;0,94
20;28/01/2021;11,96;0,94
21;29/01/2021;11,93;0,94
22;1/02/2021;11,95;0,94
23;2/02/2021;11,96;0,93
24;3/02/2021;11,89;0,93
25;4/02/2021;11,88;0,93
26;5/02/2021;11,83;0,94
27;8/02/2021;11,78;0,93
28;9/02/2021;11,78;0,92
29;10/02/2021;11,78;0,93
30;11/02/2021;11,76;0,92
31;12/02/2021;11,75;0,91
32;15/02/2021;11,75;0,92
33;16/02/2021;11,39;0,91
34;17/02/2021;11,37;0,92
35;18/02/2021;11,31;0,91
36;19/02/2021;11,26;0,91
37;22/02/2021;11,28;0,91
38;23/02/2021;11,29;0,91
39;24/02/2021;11,28;0,91
40;25/02/2021;11,28;0,91
41;26/02/2021;11,27;0,91
42;1/03/2021;11,27;0,91
43;2/03/2021;11,27;0,91
44;3/03/2021;11,25;0,91
45;4/03/2021;11,24;0,9
46;5/03/2021;11,23;0,9
47;8/03/2021;11,13;0,9
48;9/03/2021;11,12;0,89
49;10/03/2021;11,08;0,89
50;11/03/2021;11,08;0,89
51;12/03/2021;11,09;0,89
52;15/03/2021;11,07;0,89
53;16/03/2021;11,09;0,89
54;17/03/2021;11,04;0,89
55;18/03/2021;11,01;0,89
56;19/03/2021;11,06;0,89
57;22/03/2021;11,06;0,89
58;23/03/2021;11,11;0,89
59;24/03/2021;11,12;0,89
60;25/03/2021;11,11;0,88
61;26/03/2021;11,12;0,88
62;29/03/2021;11,12;0,88
63;30/03/2021;11,18;0,89
64;31/03/2021;11,2;0,89
65;1/04/2021;11,2;0,89
66;2/04/2021;11,2;0,89
67;5/04/2021;11,21;0,89
68;6/04/2021;11,17;0,89
69;7/04/2021;11,15;0,89
70;8/04/2021;11,12;0,89
71;9/04/2021;11,11;0,89
72;12/04/2021;11,09;0,9
73;13/04/2021;11,12;0,89
74;14/04/2021;11,11;0,9
75;15/04/2021;11,1;0,88
76;16/04/2021;11,11;0,9
77;19/04/2021;18,3;0,89
78;20/04/2021;10,98;0,89
79;21/04/2021;10,95;0,89
80;22/04/2021;10,92;0,89
81;23/04/2021;10,89;0,89
82;26/04/2021;10,96;0,89
83;27/04/2021;10,96;0,89
84;28/04/2021;10,95;0,89
85;29/04/2021;10,95;0,89
86;30/04/2021;10,91;0,89
87;3/05/2021;10,95;0,89
88;4/05/2021;10,95;0,89
89;5/05/2021;10,91;0,89
90;6/05/2021;10,88;0,87
91;7/05/2021;10,85;0,87
92;10/05/2021;10,86;0,87
93;11/05/2021;10,88;0,86
94;12/05/2021;10,87;0,86
95;13/05/2021;10,83;0,86
96;14/05/2021;10,8;0,86
97;17/05/2021;10,76;0,86
98;18/05/2021;10,77;0,85
99;19/05/2021;10,73;0,85
100;20/05/2021;10,73;0,86
101;21/05/2021;10,7;0,85
102;24/05/2021;10,7;0,86
103;25/05/2021;10,73;0,85
104;26/05/2021;10,74;0,85
105;27/05/2021;10,72;0,84
106;28/05/2021;10,77;0,85
107;31/05/2021;10,74;0,85
108;1/06/2021;10,78;0,85
109;2/06/2021;10,74;0,84
110;3/06/2021;10,72;0,84
111;4/06/2021;10,67;0,83
112;7/06/2021;10,68;0,83
113;8/06/2021;10,67;0,83
114;9/06/2021;10,67;0,83
115;10/06/2021;10,66;0,83
116;11/06/2021;10,67;0,83
117;14/06/2021;10,7;0,83
118;15/06/2021;10,71;0,82
119;16/06/2021;10,71;0,81
120;17/06/2021;10,67;0,81
121;18/06/2021;10,64;0,81
122;21/06/2021;10,63;0,81
123;22/06/2021;10,68;0,8
124;23/06/2021;10,67;0,8
125;24/06/2021;10,68;0,8
126;25/06/2021;10,69;0,8
127;28/06/2021;10,69;0,81
128;29/06/2021;10,69;0,81
129;30/06/2021;10,73;0,81
130;1/07/2021;10,76;0,81
131;2/07/2021;10,73;0,8
132;5/07/2021;10,77;0,8
133;6/07/2021;10,73;0,8
134;7/07/2021;10,7;0,79
135;8/07/2021;10,71;0,79
136;9/07/2021;10,71;0,79
137;12/07/2021;10,75;0,79
138;13/07/2021;10,76;0,78
139;14/07/2021;10,76;0,78
140;15/07/2021;10,71;0,78
141;16/07/2021;10,67;0,78
142;19/07/2021;10,64;0,78
143;20/07/2021;10,63;0,78
144;21/07/2021;10,61;0,78
145;22/07/2021;10,61;0,78
146;23/07/2021;10,58;0,78
147;26/07/2021;10,62;0,79
148;27/07/2021;10,66;0,78
149;28/07/2021;10,66;0,78
150;29/07/2021;10,66;0,78
151;30/07/2021;10,66;0,78
152;2/08/2021;10,8;0,77
153;3/08/2021;10,78;0,77
154;4/08/2021;10,75;0,77
155;5/08/2021;10,77;0,77
156;6/08/2021;10,68;0,77
157;9/08/2021;10,65;0,76
158;10/08/2021;10,69;0,76
159;11/08/2021;10,66;0,76
160;12/08/2021;10,71;0,75
161;13/08/2021;10,69;0,75
162;16/08/2021;10,65;0,75
163;17/08/2021;10,73;0,76
164;18/08/2021;10,67;0,76
165;19/08/2021;10,65;0,76
166;20/08/2021;10,66;0,76
167;23/08/2021;10,69;0,76
168;24/08/2021;10,73;0,76
169;25/08/2021;10,72;0,76
170;26/08/2021;10,73;0,77
171;27/08/2021;10,64;0,77
172;30/08/2021;10,64;0,77
173;31/08/2021;10,58;0,77
174;1/09/2021;10,65;0,77
175;2/09/2021;10,6;0,77
176;3/09/2021;10,67;0,77
177;6/09/2021;10,66;0,77
178;7/09/2021;10,6;0,77
179;8/09/2021;10,58;0,77
180;9/09/2021;10,58;0,77
181;10/09/2021;10,47;0,76
182;13/09/2021;10,45;0,78
183;14/09/2021;10,47;0,77
184;15/09/2021;10,46;0,78
185;16/09/2021;10,42;0,78
186;17/09/2021;10,38;0,78
187;20/09/2021;10,34;0,78
188;21/09/2021;10,39;0,78
189;22/09/2021;10,4;0,79
190;23/09/2021;10,42;0,79
191;24/09/2021;10,41;0,79
192;27/09/2021;10,45;0,81
193;28/09/2021;10,5;0,81
194;29/09/2021;10,49;0,81
195;30/09/2021;10,49;0,81
196;1/10/2021;10,53;0,81
197;4/10/2021;10,49;0,8
198;5/10/2021;10,51;0,82
199;6/10/2021;10,44;0,8
200;7/10/2021;10,42;0,8
201;8/10/2021;10,42;0,8
202;11/10/2021;10,44;0,8
203;12/10/2021;10,55;0,81
204;13/10/2021;10,54;0,81
205;14/10/2021;10,55;0,81
206;15/10/2021;10,57;0,82
207;18/10/2021;10,58;0,82
208;19/10/2021;10,59;0,81
209;20/10/2021;10,59;0,82
210;21/10/2021;10,6;0,82
211;22/10/2021;10,58;0,82
212;25/10/2021;10,6;0,82
213;26/10/2021;10,68;0,82
214;27/10/2021;10,69;0,86
215;28/10/2021;10,68;0,86
216;29/10/2021;10,68;0,86
217;1/11/2021;10,68;0,86
218;2/11/2021;10,68;0,89
219;3/11/2021;10,73;0,83
220;4/11/2021;10,72;0,86
221;5/11/2021;10,73;0,87
222;8/11/2021;10,67;0,87
223;9/11/2021;10,72;0,88
224;10/11/2021;10,73;0,89
225;11/11/2021;10,71;0,89
226;12/11/2021;10,72;0,9
227;15/11/2021;10,72;0,91
228;16/11/2021;10,71;0,93
229;17/11/2021;10,69;0,93
230;18/11/2021;10,68;0,94
231;19/11/2021;10,69;0,93
232;22/11/2021;10,71;0,94
233;23/11/2021;10,76;0,94
234;24/11/2021;10,78;0,95
235;25/11/2021;10,78;0,96
236;26/11/2021;10,8;0,99
237;29/11/2021;10,8;0,99
238;30/11/2021;10,83;0,75
239;1/12/2021;10,83;0,99
240;2/12/2021;10,83;0,98
241;3/12/2021;10,91;0,99
242;6/12/2021;10,92;0,8
243;7/12/2021;20,22;1,01
244;8/12/2021;;1,01
245;9/12/2021;20,13;1,01
246;10/12/2021;11,03;0,85
247;13/12/2021;11,03;1,02
248;14/12/2021;10,97;1,02
249;15/12/2021;10,96;1,02
250;16/12/2021;10,93;1,03
251;17/12/2021;10,88;1,03
252;20/12/2021;10,92;1,05
253;21/12/2021;10,99;1,04
254;22/12/2021;10,96;1,04
255;23/12/2021;10,99;1,05
256;24/12/2021;11,02;1,09
257;27/12/2021;11,08;1,09
258;28/12/2021;11,13;1,08
259;29/12/2021;11,14;1,1
260;30/12/2021;11,18;1,09
261;31/12/2021;11,21;1,1
262;3/01/2022;11,19;1,1
263;4/01/2022;11,18;1,07
264;5/01/2022;11,13;1,06
265;6/01/2022;11,1;1,06
266;7/01/2022;11,08;1,07
267;10/01/2022;11,06;1,08
268;11/01/2022;11,11;1,08
269;12/01/2022;11,1;1,09
270;13/01/2022;11,1;1,11
271;14/01/2022;11,1;1,11
272;17/01/2022;11,11;1,12
273;18/01/2022;11,08;1,13
274;19/01/2022;11,08;1,13
275;20/01/2022;11,06;1,13
276;21/01/2022;11,09;1,13
277;24/01/2022;11,1;1,14
278;25/01/2022;11,16;1,14
279;26/01/2022;11,18;1,15
280;27/01/2022;11,19;1,21
281;28/01/2022;11,2;1,21
282;31/01/2022;11,18;1,21
283;1/02/2022;11,28;1,21
284;2/02/2022;11,26;1,17
285;3/02/2022;11,24;1,21
286;4/02/2022;11,22;1,23
287;7/02/2022;11,21;1,25
288;8/02/2022;11,22;1,26
289;9/02/2022;11,22;1,27
290;10/02/2022;11,24;1,3
291;11/02/2022;11,27;1,3
292;14/02/2022;11,3;1,37
293;15/02/2022;11,35;1,33
294;16/02/2022;11,32;1,33
295;17/02/2022;11,3;1,33
296;18/02/2022;11,31;1,34
297;21/02/2022;11,26;1,35
298;22/02/2022;11,3;1,36
299;23/02/2022;11,3;1,38
300;24/02/2022;11,34;1,38
301;25/02/2022;11,37;1,38
302;28/02/2022;11,39;1,38
303;1/03/2022;11,43;1,38
304;2/03/2022;11,42;1,41
305;3/03/2022;11,4;1,41
306;4/03/2022;11,41;1,41
307;7/03/2022;11,43;1,42
308;8/03/2022;11,41;1,43
309;9/03/2022;11,42;1,44
310;10/03/2022;11,44;1,45
311;11/03/2022;11,44;1,46
312;14/03/2022;11,5;1,48
313;15/03/2022;11,55;1,47
314;16/03/2022;11,53;1,49
315;17/03/2022;11,53;1,5
316;18/03/2022;11,53;1,49
317;21/03/2022;11,55;1,5
318;22/03/2022;11,57;1,5
319;23/03/2022;11,58;1,51
320;24/03/2022;11,59;1,5
321;25/03/2022;11,6;1,5
322;28/03/2022;11,62;1,5
323;29/03/2022;11,67;1,5
324;30/03/2022;11,69;1,5
325;31/03/2022;11,75;1,5
326;1/04/2022;11,86;1,47
327;4/04/2022;11,85;1,48
328;5/04/2022;11,75;1,48
329;6/04/2022;11,71;1,5
330;7/04/2022;11,69;1,52
331;8/04/2022;11,7;1,52
332;11/04/2022;11,74;1,56
333;12/04/2022;11,82;1,56
334;13/04/2022;11,83;1,57
335;14/04/2022;11,83;1,57
336;15/04/2022;11,83;1,57
337;18/04/2022;11,84;1,58
338;19/04/2022;11,88;1,59
339;20/04/2022;11,89;1,61
340;21/04/2022;11,86;1,61
341;22/04/2022;11,87;1,63
342;25/04/2022;11,92;1,63
343;26/04/2022;12,01;1,63
344;27/04/2022;12,03;1,66
345;28/04/2022;12,02;1,67
346;29/04/2022;12,02;1,71
347;2/05/2022;12,04;1,69
348;3/05/2022;12,01;1,72
349;4/05/2022;12,01;1,72
350;5/05/2022;12,02;1,74
351;6/05/2022;11,95;1,75
352;9/05/2022;11,95;1,79
353;10/05/2022;12,04;1,82
354;11/05/2022;12,05;1,83
355;12/05/2022;12,06;1,83
356;13/05/2022;12,06;1,83
357;16/05/2022;12,12;1,86
358;17/05/2022;12,18;1,88
359;18/05/2022;12,18;1,89
360;19/05/2022;12,17;1,89
361;20/05/2022;12,18;1,89
362;23/05/2022;12,15;1,91
363;24/05/2022;12,2;1,93
364;25/05/2022;12,22;1,93
365;26/05/2022;12,26;1,97
366;27/05/2022;12,28;1,97
367;30/05/2022;12,35;1,99
368;31/05/2022;12,43;1,99
369;1/06/2022;12,42;1,95
370;2/06/2022;12,4;1,94
371;3/06/2022;12,4;1,95
372;6/06/2022;12,38;1,97
373;7/06/2022;12,38;2,03
374;8/06/2022;12,39;2,03
375;9/06/2022;12,4;2,07
376;10/06/2022;12,41;2,07
377;13/06/2022;12,42;2,09
378;14/06/2022;12,49;2,08
379;15/06/2022;12,54;2,1
380;16/06/2022;12,51;2,09
381;17/06/2022;12,49;2,12
382;20/06/2022;12,5;2,13
383;21/06/2022;12,52;2,13
384;22/06/2022;12,52;2,13
385;23/06/2022;12,57;2,14
386;24/06/2022;12,58;2,13
387;27/06/2022;12,63;2,2
388;28/06/2022;12,69;2,2
389;29/06/2022;12,69;2,2
390;30/06/2022;12,71;2,18
391;1/07/2022;12,73;2,14
392;4/07/2022;12,7;2,22
393;5/07/2022;12,71;2,24
394;6/07/2022;12,66;2,33
395;7/07/2022;12,67;2,33
396;8/07/2022;12,65;2,32
397;11/07/2022;12,63;2,34
398;12/07/2022;12,7;2,33
399;13/07/2022;12,7;2,29
400;14/07/2022;12,68;2,32
401;15/07/2022;12,66;2,3
402;18/07/2022;12,63;2,31
403;19/07/2022;12,62;2,33
404;20/07/2022;12,57;2,34
405;21/07/2022;12,55;2,33
406;22/07/2022;12,57;2,27
407;25/07/2022;12,61;2,33
408;26/07/2022;12,7;2,34
409;27/07/2022;12,71;2,32
410;28/07/2022;12,71;2,32
411;29/07/2022;12,71;2,32
412;1/08/2022;12,77;2,3
413;2/08/2022;12,8;2,34
414;3/08/2022;12,81;2,36
415;4/08/2022;12,79;2,36
416;5/08/2022;12,77;2,36
417;8/08/2022;12,8;2,38
418;9/08/2022;12,86;2,43
419;10/08/2022;12,89;2,45
420;11/08/2022;12,9;2,43
421;12/08/2022;12,91;2,52
422;15/08/2022;12,91;2,46
423;16/08/2022;12,94;2,48
424;17/08/2022;12,92;2,49
425;18/08/2022;12,91;2,51
426;19/08/2022;12,9;2,5
427;22/08/2022;12,86;2,53
428;23/08/2022;12,91;2,54
429;24/08/2022;12,93;2,53
430;25/08/2022;13,12;2,53
431;26/08/2022;13,19;2,55
432;29/08/2022;13,22;2,58
433;30/08/2022;13,22;2,58
434;31/08/2022;13,29;2,58
435;1/09/2022;13,32;2,55
436;2/09/2022;13,3;2,46
437;5/09/2022;13,35;2,58
438;6/09/2022;13,3;2,58
439;7/09/2022;13,28;2,58
440;8/09/2022;13,27;2,58
441;9/09/2022;13,33;2,58
442;12/09/2022;13,35;2,63
443;13/09/2022;13,4;2,64
444;14/09/2022;13,42;2,66
445;15/09/2022;13,42;2,66
446;16/09/2022;13,41;2,63
447;19/09/2022;13,38;2,65
448;20/09/2022;13,36;2,66
449;21/09/2022;13,35;2,67
450;22/09/2022;13,38;2,64
451;23/09/2022;13,35;2,64
452;26/09/2022;13,44;2,65
453;27/09/2022;13,52;2,69
454;28/09/2022;13,51;2,68
455;29/09/2022;13,52;2,68
456;30/09/2022;13,53;2,66
457;3/10/2022;13,56;2,59
458;4/10/2022;13,52;2,61
459;5/10/2022;13,49;2,67
460;6/10/2022;13,53;2,69
461;7/10/2022;13,5;2,7
462;10/10/2022;13,51;2,73
463;11/10/2022;13,58;2,74
464;12/10/2022;13,59;2,75
465;13/10/2022;13,59;2,76
466;14/10/2022;13,61;2,77
467;17/10/2022;13,61;2,76
468;18/10/2022;13,61;2,79
469;19/10/2022;13,58;2,78
470;20/10/2022;13,58;2,79
471;21/10/2022;13,54;2,79
472;24/10/2022;13,58;2,78
473;25/10/2022;13,66;2,79
474;26/10/2022;13,71;2,85
475;27/10/2022;13,72;2,84
476;28/10/2022;13,73;2,84
477;31/10/2022;13,78;2,84
478;1/11/2022;13,78;2,84
479;2/11/2022;13,87;2,84
480;3/11/2022;13,86;2,81
481;4/11/2022;13,84;2,82
482;7/11/2022;13,81;2,85
483;8/11/2022;13,8;2,89
484;9/11/2022;13,83;2,9
485;10/11/2022;13,85;2,91
486;11/11/2022;13,84;2,93
487;14/11/2022;13,87;2,96
488;15/11/2022;13,97;2,97
489;16/11/2022;13,98;3,65
490;17/11/2022;13,94;2,98
491;18/11/2022;13,93;2,98
492;21/11/2022;13,9;2,99
493;22/11/2022;13,95;2,98
494;23/11/2022;13,99;2,98
495;24/11/2022;14,01;2,96
496;25/11/2022;14,03;2,94
497;28/11/2022;14,07;2,96
498;29/11/2022;14,17;3,7
499;30/11/2022;14,18;3,7
500;1/12/2022;14,19;2,95
501;2/12/2022;14,14;2,94
502;5/12/2022;14,17;2,95
503;6/12/2022;14,2;2,97
504;7/12/2022;14,17;2,95
505;8/12/2022;14,17;2,95
506;9/12/2022;14,17;2,95
507;12/12/2022;14,21;2,93
508;13/12/2022;14,28;2,94
509;14/12/2022;14,3;2,94
510;15/12/2022;14,3;2,91
511;16/12/2022;14,27;2,96
512;19/12/2022;14,24;2,97
513;20/12/2022;14,27;2,99
514;21/12/2022;14,22;2,98
515;22/12/2022;14,22;2,97
516;23/12/2022;14,24;2,98
517;26/12/2022;14,34;2,99
518;27/12/2022;14,43;3,05
519;28/12/2022;14,45;3,03
520;29/12/2022;14,49;3,07
521;30/12/2022;14,53;3,03
522;2/01/2023;14,53;3,03
523;3/01/2023;14,53;3,03
524;4/01/2023;14,48;3,06
525;5/01/2023;14,46;3,08
526;6/01/2023;14,42;3,08
527;9/01/2023;14,43;3,11
528;10/01/2023;14,45;3,15
529;11/01/2023;14,43;3,18
530;12/01/2023;14,45;3,19
531;13/01/2023;14,45;3,19
532;16/01/2023;14,44;3,19
533;17/01/2023;14,37;3,19
534;18/01/2023;14,38;3,19
535;19/01/2023;14,4;3,2
536;20/01/2023;14,4;3,18
537;23/01/2023;14,4;3,22
538;24/01/2023;14,46;3,22
539;25/01/2023;14,5;3,22
540;26/01/2023;14,53;3,25
541;27/01/2023;14,53;3,25
542;30/01/2023;14,55;3,28
543;31/01/2023;14,61;3,26
544;1/02/2023;14,69;3,25
545;2/02/2023;14,66;3,16
546;3/02/2023;14,66;3,2
547;6/02/2023;14,67;3,22
548;7/02/2023;14,64;3,23
549;8/02/2023;14,64;3,25
550;9/02/2023;14,66;3,27
551;10/02/2023;14,68;3,3
552;13/02/2023;14,71;3,39
553;14/02/2023;14,78;3,35
554;15/02/2023;14,79;3,37
555;16/02/2023;14,77;3,34
556;17/02/2023;14,76;3,35
557;20/02/2023;14,79;3,38
558;21/02/2023;14,76;3,37
559;22/02/2023;14,75;3,4
560;23/02/2023;14,79;3,39
561;24/02/2023;14,81;3,41
562;27/02/2023;14,86;3,41
563;28/02/2023;14,93;3,39
564;1/03/2023;14,93;3,38
565;2/03/2023;14,91;3,32
566;3/03/2023;14,88;3,35
567;6/03/2023;14,9;3,37
568;7/03/2023;14,89;3,35
569;8/03/2023;14,88;3,37
570;9/03/2023;14,9;3,39
571;10/03/2023;14,91;3,39
572;13/03/2023;14,94;3,43
573;14/03/2023;15,02;3,46
574;15/03/2023;14,97;3,47
575;16/03/2023;14,88;3,48
576;17/03/2023;14,82;3,5
577;20/03/2023;14,84;3,52
578;21/03/2023;14,84;3,52
579;22/03/2023;14,79;3,51
580;23/03/2023;14,8;3,51
581;24/03/2023;14,8;3,47
582;27/03/2023;14,84;3,48
583;28/03/2023;14,92;3,45
584;29/03/2023;14,94;3,51
585;30/03/2023;14,94;3,46
586;31/03/2023;14,93;3,47
587;3/04/2023;15,05;3,48
588;4/04/2023;15,09;3,45
589;5/04/2023;15,06;3,49
590;6/04/2023;15,06;3,49
591;7/04/2023;15,06;3,49
592;10/04/2023;15,17;3,52
593;11/04/2023;15,22;3,53
594;12/04/2023;15,25;3,54
595;13/04/2023;15,26;3,58
596;14/04/2023;15,24;3,6
597;17/04/2023;15,24;3,61
598;18/04/2023;15,24;3,63
599;19/04/2023;15,23;3,66
600;20/04/2023;15,17;3,63
601;21/04/2023;15,15;3,65
602;24/04/2023;15,16;3,67
603;25/04/2023;15,25;3,66
604;26/04/2023;15,27;3,69
605;27/04/2023;15,28;3,68
606;28/04/2023;15,29;3,68
607;1/05/2023;15,29;3,68
608;2/05/2023;15,27;3,62
609;3/05/2023;15,3;3,65
610;4/05/2023;15,26;3,62
611;5/05/2023;15,25;3,63
612;8/05/2023;15,19;3,66
613;9/05/2023;15,25;3,69
614;10/05/2023;15,27;3,71
615;11/05/2023;15,27;3,74
616;12/05/2023;15,28;3,71
617;15/05/2023;15,3;3,71
618;16/05/2023;15,34;3,69
619;17/05/2023;15,31;3,72
620;18/05/2023;15,3;3,76
621;19/05/2023;15,3;3,74
622;22/05/2023;15,29;3,76
623;23/05/2023;15,27;3,76
624;24/05/2023;15,28;3,75
625;25/05/2023;15,31;3,78
626;26/05/2023;15,33;3,76
627;29/05/2023;15,36;3,81
628;30/05/2023;15,43;3,79
629;31/05/2023;15,44;3,76
630;1/06/2023;15,44;3,73
631;2/06/2023;15,39;3,56
632;5/06/2023;15,4;3,63
633;6/06/2023;15,36;3,66
634;7/06/2023;15,5;3,7
635;8/06/2023;15,5;3,73
636;9/06/2023;15,52;3,76
637;12/06/2023;15,51;3,77
638;13/06/2023;15,58;3,77
639;14/06/2023;15,61;3,79
640;15/06/2023;15,59;3,77
641;16/06/2023;15,59;3,75
642;19/06/2023;15,58;3,75
643;20/06/2023;15,62;3,76
644;21/06/2023;15,54;3,76
645;22/06/2023;15,52;3,79
646;23/06/2023;15,54;3,87
647;26/06/2023;15,58;3,84
648;27/06/2023;15,66;3,85
649;28/06/2023;15,68;3,89
650;29/06/2023;15,68;3,89
651;30/06/2023;15,7;3,89
652;3/07/2023;15,78;3,88
653;4/07/2023;15,74;3,79
654;5/07/2023;15,74;3,8
655;6/07/2023;15,71;3,86
656;7/07/2023;15,71;3,78
657;10/07/2023;15,71;3,84
658;11/07/2023;15,74;3,9
659;12/07/2023;15,74;3,87
660;13/07/2023;15,73;3,88
661;14/07/2023;15,7;3,85
662;17/07/2023;15,67;3,88
663;18/07/2023;15,64;3,89
664;19/07/2023;15,61;3,9
665;20/07/2023;15,54;3,88
666;21/07/2023;15,47;3,9
667;24/07/2023;15,47;3,89
668;25/07/2023;15,55;3,9
669;26/07/2023;15,6;3,89
670;27/07/2023;15,58;3,89
671;28/07/2023;15,58;3,89
672;31/07/2023;15,58;3,89
673;1/08/2023;15,64;3,83
674;2/08/2023;15,62;3,78
675;3/08/2023;15,61;3,79
676;4/08/2023;15,61;3,8
677;7/08/2023;15,62;3,79
678;8/08/2023;15,61;3,86
679;9/08/2023;15,64;3,9
680;10/08/2023;15,65;3,92
681;11/08/2023;15,65;3,89
682;14/08/2023;15,7;3,97
683;15/08/2023;15,74;3,96
684;16/08/2023;15,79;3,94
685;17/08/2023;15,74;3,95
686;18/08/2023;15,72;3,93
687;21/08/2023;15,71;3,94
688;22/08/2023;15,86;3,98
689;23/08/2023;15,85;3,97
690;24/08/2023;15,89;3,98
691;25/08/2023;15,9;3,95
692;28/08/2023;15,95;3,97
693;29/08/2023;16,01;3,93
694;30/08/2023;16,01;3,93
695;31/08/2023;16,02;3,94
696;1/09/2023;16,06;4,03
697;4/09/2023;30,25;3,79
698;5/09/2023;16,01;3,85
699;6/09/2023;15,93;3,89
700;7/09/2023;15,9;3,91
701;8/09/2023;15,88;3,91
702;11/09/2023;15,95;3,95
703;12/09/2023;16,01;3,97
704;13/09/2023;16,01;3,97
705;14/09/2023;16,01;3,98
706;15/09/2023;30,07;3,97
707;18/09/2023;15,99;3,97
708;19/09/2023;15,97;3,97
709;20/09/2023;15,92;3,97
710;21/09/2023;15,83;3,91
711;22/09/2023;15,82;3,97
712;25/09/2023;15,86;3,99
713;26/09/2023;15,98;3,96
714;27/09/2023;15,97;4,08
715;28/09/2023;15,98;4,1
716;29/09/2023;15,97;3,95
717;2/10/2023;28,54;4,01
718;3/10/2023;15,99;3,86
719;4/10/2023;15,97;3,89
720;5/10/2023;15,96;3,89
721;6/10/2023;15,9;3,9
722;9/10/2023;15,88;3,91
723;10/10/2023;15,93;3,92
724;11/10/2023;15,92;3,93
725;12/10/2023;15,93;3,93
726;13/10/2023;15,94;3,92
727;16/10/2023;15,95;3,93
728;17/10/2023;15,95;3,94
729;18/10/2023;15,92;3,93
730;19/10/2023;15,86;3,91
731;20/10/2023;15,79;3,89
732;23/10/2023;15,78;3,89
733;24/10/2023;15,82;3,88
734;25/10/2023;15,85;3,87
735;26/10/2023;15,91;3,87
736;27/10/2023;15,93;3,84
737;30/10/2023;15,96;3,84
738;31/10/2023;16,03;3,96
739;1/11/2023;16,03;3,96
740;2/11/2023;16,01;3,93
741;3/11/2023;15,98;3,54
742;6/11/2023;15,95;3,7
743;7/11/2023;15,88;3,72
744;8/11/2023;15,87;3,72
745;9/11/2023;15,86;3,74
746;10/11/2023;15,87;3,75
747;13/11/2023;15,87;3,76
748;14/11/2023;15,91;3,76
749;15/11/2023;15,9;3,71
750;16/11/2023;15,87;3,77
751;17/11/2023;15,79;3,76
752;20/11/2023;15,79;3,78
753;21/11/2023;15,71;3,76
754;22/11/2023;15,81;3,77
755;23/11/2023;15,78;3,74
756;24/11/2023;15,8;3,71
757;27/11/2023;15,83;3,71
758;28/11/2023;15,94;3,71
759;29/11/2023;15,98;3,92
760;30/11/2023;15,97;3,91
761;1/12/2023;15,97;3,81
762;4/12/2023;15,98;3,58
763;5/12/2023;16,01;3,56
764;6/12/2023;15,93;3,57
765;7/12/2023;15,9;3,53
766;8/12/2023;15,9;3,53
767;11/12/2023;15,83;3,53
768;12/12/2023;15,94;3,56
769;13/12/2023;15,92;3,59
770;14/12/2023;15,9;3,58
771;15/12/2023;15,88;3,55
772;18/12/2023;15,96;3,53
773;19/12/2023;15,83;3,52
774;20/12/2023;15,77;3,51
775;21/12/2023;15,67;3,51
776;22/12/2023;15,68;3,48
777;25/12/2023;15,68;3,48
778;26/12/2023;15,75;3,49
779;27/12/2023;15,89;3,51
780;28/12/2023;15,89;3,49
781;29/12/2023;15,88;3,45
782;1/01/2024;15,88;3,45
783;2/01/2024;15,88;3,45
784;3/01/2024;15,9;3,41
785;4/01/2024;15,83;3,45
786;5/01/2024;15,81;3,44
787;8/01/2024;15,72;3,43
788;9/01/2024;15,76;3,45
789;10/01/2024;15,87;3,48
790;11/01/2024;15,88;3,46
791;12/01/2024;15,88;3,47
792;15/01/2024;15,89;3,48
793;16/01/2024;15,89;3,46
794;17/01/2024;15,83;3,45
795;18/01/2024;15,72;3,45
796;19/01/2024;15,72;3,45
797;22/01/2024;15,7;3,45
798;23/01/2024;15,72;3,48
799;24/01/2024;15,75;3,44
800;25/01/2024;15,75;3,43
801;26/01/2024;15,79;3,46
802;29/01/2024;15,79;3,46
803;30/01/2024;15,86;3,42
804;31/01/2024;15,85;3,44
805;1/02/2024;15,85;3,36
806;2/02/2024;15,78;3,23
807;5/02/2024;15,75;3,26
808;6/02/2024;15,68;3,31
809;7/02/2024;15,66;3,33
810;8/02/2024;15,67;3,36
811;9/02/2024;15,69;3,36
812;12/02/2024;15,71;3,4
813;13/02/2024;15,77;3,37
814;14/02/2024;15,79;3,41
815;15/02/2024;15,82;3,39
816;16/02/2024;15,82;3,35
817;19/02/2024;15,79;3,37
818;20/02/2024;15,69;3,36
819;21/02/2024;15,67;3,36
820;22/02/2024;15,63;3,35
821;23/02/2024;15,63;3,33
822;26/02/2024;15,68;3,34
823;27/02/2024;15,71;3,33
824;28/02/2024;15,77;3,34
825;29/02/2024;15,78;3,36
826;1/03/2024;15,82;3,3
827;4/03/2024;15,77;3,16
828;5/03/2024;15,78;3,19
829;6/03/2024;15,69;3,24
830;7/03/2024;15,7;3,25
831;8/03/2024;15,71;3,25
832;11/03/2024;15,71;3,28
833;12/03/2024;15,79;3,3
834;13/03/2024;15,79;3,29
835;14/03/2024;15,81;3,3
836;15/03/2024;15,8;3,28
837;18/03/2024;15,7;3,28
838;19/03/2024;15,67;3,26
839;20/03/2024;15,68;3,25
840;21/03/2024;15,58;3,24
841;22/03/2024;15,56;3,22
842;25/03/2024;15,6;3,21
843;26/03/2024;15,71;3,24
844;27/03/2024;15,7;3,19
845;28/03/2024;15,7;3,19
846;29/03/2024;15,7;3,19
847;1/04/2024;15,68;3,13
848;2/04/2024;15,63;3,1
849;3/04/2024;15,63;3,12
850;4/04/2024;15,61;3,12
851;5/04/2024;15,6;3,13
852;8/04/2024;15,67;3,13
853;9/04/2024;15,72;3,18
854;10/04/2024;15,89;3,19
855;11/04/2024;15,89;3,19
856;12/04/2024;15,89;3,18
857;15/04/2024;15,83;3,19
858;16/04/2024;15,85;3,17
859;17/04/2024;15,78;3,18
860;18/04/2024;15,69;3,17
861;19/04/2024;15,66;3,16
862;22/04/2024;15,67;3,16
863;23/04/2024;15,76;3,19
864;24/04/2024;15,77;3,16
865;25/04/2024;15,72;3,18
866;26/04/2024;15,74;3,14
867;29/04/2024;15,75;3,18
868;30/04/2024;15,81;3,16
869;1/05/2024;15,81;3,16
870;2/05/2024;15,83;3,12
871;3/05/2024;15,79;3,02
872;6/05/2024;15,78;3,07
873;7/05/2024;15,71;3,09
874;8/05/2024;15,7;3,11
875;9/05/2024;15,71;3,02
876;10/05/2024;15,71;3,04
877;13/05/2024;15,74;3,06
878;14/05/2024;15,84;3,06
879;15/05/2024;15,85;3,05
880;16/05/2024;15,83;3,03
881;17/05/2024;15,78;3,03
882;20/05/2024;15,77;3,03
883;21/05/2024;15,72;3,04
884;22/05/2024;15,68;3,03
885;23/05/2024;15,66;3,03
886;24/05/2024;15,67;3,03
887;27/05/2024;15,7;3,03
888;28/05/2024;15,78;3,02
889;29/05/2024;15,81;3,06
890;30/05/2024;15,81;3,05
891;31/05/2024;15,8;3,03
892;3/06/2024;15,84;2,98
893;4/06/2024;15,83;2,9
894;5/06/2024;15,81;2,91
895;6/06/2024;15,71;2,92
896;7/06/2024;15,71;2,92
897;10/06/2024;15,71;2,9
898;11/06/2024;15,74;2,95
899;12/06/2024;15,75;2,96
900;13/06/2024;15,75;3,01
901;14/06/2024;15,71;3,05
902;17/06/2024;15,69;2,97
903;18/06/2024;15,62;2,99
904;19/06/2024;15,6;2,97
905;20/06/2024;15,53;2,97
906;21/06/2024;15,5;2,93
907;24/06/2024;15,47;2,88
908;25/06/2024;15,56;2,92
909;26/06/2024;15,58;2,9
910;27/06/2024;15,53;2,95
911;28/06/2024;15,5;2,91
912;1/07/2024;15,51;2,8
913;2/07/2024;15,41;2,84
914;3/07/2024;15,37;2,83
915;4/07/2024;15,31;2,84
916;5/07/2024;15,24;2,85
917;8/07/2024;15,15;2,84
918;9/07/2024;15,19;2,86
919;10/07/2024;15,2;2,86
920;11/07/2024;15,17;2,83
921;12/07/2024;15,14;2,8
922;15/07/2024;15,1;2,8
923;16/07/2024;15,06;2,77
924;17/07/2024;26,48;2,76
925;18/07/2024;14,9;2,75
926;19/07/2024;14,9;2,75
927;22/07/2024;14,89;2,75
928;23/07/2024;14,89;2,75
929;24/07/2024;14,96;2,73
930;25/07/2024;14,92;2,74
931;26/07/2024;14,92;2,74
932;29/07/2024;14,92;2,74
933;30/07/2024;14,95;2,74
934;31/07/2024;15,01;2,69
935;1/08/2024;15,1;2,66
936;2/08/2024;15,05;2,67
937;5/08/2024;15,02;2,58
938;6/08/2024;15,02;2,58
939;7/08/2024;14,89;2,61
940;8/08/2024;14,93;2,63
941;9/08/2024;14,93;2,63
942;12/08/2024;14,95;2,7
943;13/08/2024;14,98;2,67
944;14/08/2024;14,96;2,62
945;15/08/2024;14,96;2,67
946;16/08/2024;14,95;2,65
947;19/08/2024;14,92;2,66
948;20/08/2024;14,93;2,62
949;21/08/2024;14,83;2,65
950;22/08/2024;14,79;2,66
951;23/08/2024;14,79;2,65
952;26/08/2024;14,84;2,64
953;27/08/2024;14,89;2,66
954;28/08/2024;14,93;2,66
955;29/08/2024;14,87;2,64
956;30/08/2024;14,87;2,64
957;2/09/2024;14,9;2,59
958;3/09/2024;14,89;2,58
959;4/09/2024;14,79;2,59
960;5/09/2024;14,77;2,59
961;6/09/2024;14,71;2,59
962;9/09/2024;14,72;2,59
963;10/09/2024;14,78;2,61
964;11/09/2024;14,78;2,61
965;12/09/2024;14,76;2,62
966;13/09/2024;14,78;2,62
967;16/09/2024;14,78;2,6
968;17/09/2024;14,68;2,61
969;18/09/2024;14,6;2,61
970;19/09/2024;14,59;2,61
971;20/09/2024;14,58;2,61
972;23/09/2024;14,59;2,61
973;24/09/2024;14,66;2,6
974;25/09/2024;14,68;2,6
975;26/09/2024;14,69;2,6
976;27/09/2024;14,69;2,62
977;30/09/2024;14,72;2,58
978;1/10/2024;14,83;2,55
979;2/10/2024;14,98;2,55
980;3/10/2024;14,85;2,59
981;4/10/2024;14,82;2,47
982;7/10/2024;14,83;2,5
983;8/10/2024;14,83;2,5
984;9/10/2024;14,82;2,52
985;10/10/2024;14,85;2,53
986;11/10/2024;14,86;2,53
987;14/10/2024;14,76;2,52
988;15/10/2024;14,8;2,59
989;16/10/2024;14,76;2,59
990;17/10/2024;14,68;2,59
991;18/10/2024;14,67;2,59
992;21/10/2024;14,66;2,6
993;22/10/2024;14,61;2,6
994;23/10/2024;14,59;2,61
995;24/10/2024;14,61;2,59
996;25/10/2024;14,62;2,61
997;28/10/2024;14,68;2,6
998;29/10/2024;14,68;2,59
999;30/10/2024;14,66;2,59
1000;31/10/2024;14,69;2,58
1001;1/11/2024;14,69;2,58
1002;4/11/2024;14,73;2,54
1003;5/11/2024;14,79;2,45
1004;6/11/2024;14,72;2,48
1005;7/11/2024;14,73;2,48
1006;8/11/2024;14,82;2,48
1007;11/11/2024;14,84;2,5
1008;12/11/2024;14,91;2,55
1009;13/11/2024;14,92;2,54
1010;14/11/2024;14,91;2,55
1011;15/11/2024;14,89;2,55
1012;18/11/2024;14,87;2,55
1013;19/11/2024;14,79;2,55
1014;20/11/2024;14,76;2,42
1015;21/11/2024;14,73;2,54
1016;22/11/2024;14,64;2,55
1017;25/11/2024;14,66;2,53
1018;26/11/2024;14,79;2,51
1019;27/11/2024;14,79;2,51
1020;28/11/2024;14,79;2,52
1021;29/11/2024;14,78;2,5
1022;2/12/2024;14,85;2,48
1023;3/12/2024;14,87;2,43
1024;4/12/2024;14,83;2,42
1025;5/12/2024;14,82;2,42
1026;6/12/2024;14,77;2,42
1027;9/12/2024;14,77;2,42
1028;10/12/2024;14,85;2,42
1029;11/12/2024;14,97;2,43
1030;12/12/2024;14,98;2,43
1031;13/12/2024;14,99;2,44
1032;16/12/2024;14,93;2,42
1033;17/12/2024;14,92;2,43
1034;18/12/2024;14,9;2,42
1035;19/12/2024;14,83;2,42
1036;20/12/2024;14,76;2,41
1037;23/12/2024;14,77;2,39
1038;24/12/2024;14,86;2,39
1039;25/12/2024;14,86;2,39
1040;26/12/2024;14,93;2,39
1041;27/12/2024;14,98;2,38
1042;30/12/2024;15,02;2,38
1043;31/12/2024;15,02;2,38
1044;1/01/2025;15,02;2,38
1045;2/01/2025;15,19;2,35
1046;3/01/2025;15,09;2,27
1047;6/01/2025;15,04;2,3
1048;7/01/2025;15,01;2,33
1049;8/01/2025;28,32;2,32
1050;9/01/2025;15,01;2,35
1051;10/01/2025;15,01;2,36
1052;13/01/2025;15,05;2,37
1053;14/01/2025;15,09;2,38
1054;15/01/2025;15,06;2,38
1055;16/01/2025;14,95;2,37
1056;17/01/2025;14,89;2,37
1057;20/01/2025;14,89;2,36
1058;21/01/2025;14,9;2,37
1059;22/01/2025;14,92;2,38
1060;23/01/2025;14,93;2,37
1061;24/01/2025;14,9;2,36
1062;27/01/2025;14,93;2,37
1063;28/01/2025;29,5;2,37
1064;29/01/2025;15,01;2,39
1065;30/01/2025;15,02;2,38
1066;31/01/2025;15,02;2,36
1067;3/02/2025;15,03;2,36
1068;4/02/2025;14,99;2,3
1069;5/02/2025;14,95;2,32
1070;6/02/2025;14,8;2,32
1071;7/02/2025;14,79;2,32
1072;10/02/2025;14,83;2,35
1073;11/02/2025;14,91;2,37
1074;12/02/2025;14,93;2,42
1075;13/02/2025;14,94;2,36
1076;14/02/2025;14,96;2,35
1077;17/02/2025;14,95;2,35
1078;18/02/2025;14,98;2,35
1079;19/02/2025;14,95;2,36
1080;20/02/2025;14,93;2,36
1081;21/02/2025;14,79;2,35
1082;24/02/2025;14,81;2,37
1083;25/02/2025;14,91;2,35
1084;26/02/2025;14,93;2,37
1085;27/02/2025;14,93;2,37
1086;28/02/2025;14,92;2,36
1087;3/03/2025;14,93;2,34
1088;4/03/2025;14,91;2,34
1089;5/03/2025;14,89;2,34
1090;6/03/2025;14,76;2,3
1091;7/03/2025;14,74;2,32
1092;10/03/2025;14,76;2,34
1093;11/03/2025;14,84;2,37
1094;12/03/2025;14,84;2,36
1095;13/03/2025;14,83;2,36
1096;14/03/2025;14,81;2,37
1097;17/03/2025;14,81;2,37
1098;18/03/2025;14,8;2,34
1099;19/03/2025;14,77;2,36
1100;20/03/2025;14,73;2,34
1101;21/03/2025;14,61;2,34
1102;24/03/2025;14,6;2,36
1103;25/03/2025;14,65;2,33
1104;26/03/2025;14,7;2,33
1105;27/03/2025;14,72;2,34
1106;28/03/2025;14,72;2,32
1107;31/03/2025;14,75;2,33
1108;1/04/2025;14,97;2,25
1109;2/04/2025;14,86;2,27
1110;3/04/2025;14,88;2,24
1111;4/04/2025;14,88;2,22
1112;7/04/2025;14,85;2,26
1113;8/04/2025;14,85;2,26
1114;9/04/2025;14,87;2,29
1115;10/04/2025;14,93;2,31
1116;11/04/2025;14,96;2,31
1117;14/04/2025;28,61;2,32
1118;15/04/2025;15,08;2,31
1119;16/04/2025;15,05;2,29
1120;17/04/2025;15,05;2,29
1121;18/04/2025;15,05;2,29
1122;21/04/2025;15,02;2,3
1123;22/04/2025;15,04;2,3
1124;23/04/2025;14,85;2,32
1125;24/04/2025;14,96;2,31
1126;25/04/2025;14,96;2,29
1127;28/04/2025;28,26;2,31
1128;29/04/2025;14,99;2,3
1129;30/04/2025;15,02;2,33
1130;1/05/2025;15,02;2,33
1131;2/05/2025;15,02;2,3
1132;5/05/2025;27,7;2,22
1133;6/05/2025;14,96;2,24
1134;7/05/2025;14,89;2,32
1135;8/05/2025;14,9;2,23
1136;9/05/2025;14,9;2,23
1137;12/05/2025;14,96;2,24
1138;13/05/2025;15,07;2,27
1139;14/05/2025;15,09;2,28
1140;15/05/2025;15,04;2,27
1141;16/05/2025;15,01;2,27
1142;19/05/2025;14,96;2,27
1143;20/05/2025;14,97;2,26
1144;21/05/2025;14,86;2,25
1145;22/05/2025;14,84;2,25
1146;23/05/2025;14,81;2,26
1147;26/05/2025;14,88;2,24
1148;27/05/2025;14,96;2,27
1149;28/05/2025;14,98;2,3
1150;29/05/2025;14,99;2,3
1151;30/05/2025;14,96;2,28
1152;2/06/2025;15,01;2,25
1153;3/06/2025;14,97;2,17
1154;4/06/2025;14,97;2,2
1155;5/06/2025;14,95;2,21
1156;6/06/2025;14,85;2,21
1157;9/06/2025;14,84;2,23
1158;10/06/2025;14,95;2,26
1159;11/06/2025;14,97;2,27
1160;12/06/2025;32,19;2,3
1161;13/06/2025;15,01;2,3
1162;16/06/2025;15,02;2,3
1163;17/06/2025;15,04;2,29
1164;18/06/2025;15,04;2,3
1165;19/06/2025;15,01;2,3
1166;20/06/2025;14,97;2,3
1167;23/06/2025;14,91;2,31
1168;24/06/2025;14,98;2,3
1169;25/06/2025;14,99;2,3
1170;26/06/2025;15,06;2,29
1171;27/06/2025;15,06;2,31
1172;30/06/2025;15,13;2,31
1173;1/07/2025;15,81;2,88
1174;2/07/2025;15,21;2,19
1175;3/07/2025;15,18;2,09
1176;4/07/2025;15,19;2,11
1177;7/07/2025;15,18;2,11
1178;8/07/2025;15,11;2,12
1179;9/07/2025;15,08;2,12
1180;10/07/2025;15,09;2,12
1181;11/07/2025;15,06;2,14
1182;14/07/2025;15,07;2,16
1183;15/07/2025;15,08;2,13
1184;16/07/2025;15,02;2,13
1185;17/07/2025;14,96;2,13
1186;18/07/2025;14,9;2,15
1187;21/07/2025;14,92;2,15
1188;22/07/2025;14,86;2,16
1189;23/07/2025;14,86;2,16
1190;24/07/2025;14,87;2,16
1191;25/07/2025;14,9;2,15
1192;28/07/2025;14,9;2,15
1193;29/07/2025;14,9;2,15
1194;30/07/2025;14,95;2,15
1195;31/07/2025;15,08;2,13
1196;1/08/2025;15,12;2,1
1197;4/08/2025;15,09;2,02
1198;5/08/2025;15,1;2,06
1199;6/08/2025;15,1;2,06
1200;7/08/2025;14,98;2,07
1201;8/08/2025;14,99;2,06
1202;11/08/2025;15,04;2,12
1203;12/08/2025;15,14;2,19
1204;13/08/2025;15,15;2,16
1205;14/08/2025;15,2;2,16
1206;15/08/2025;15,22;2,17
1207;18/08/2025;15,21;2,17
1208;19/08/2025;15,21;2,17
1209;20/08/2025;15,2;2,17
1210;21/08/2025;15,1;2,17
1211;22/08/2025;15,1;2,16
1212;25/08/2025;15,13;2,17
1213;26/08/2025;15,25;2,18
1214;27/08/2025;15,29;2,17
1215;28/08/2025;15,3;2,16
1216;29/08/2025;15,33;2,14
1217;1/09/2025;15,32;2,12
1218;2/09/2025;15,32;2,03
1219;3/09/2025;15,32;2,05
1220;4/09/2025;15,37;2,07
1221;5/09/2025;15,34;2,06
1222;8/09/2025;15,26;2,08
1223;9/09/2025;15,29;2,12
1224;10/09/2025;15,31;2,12
1225;11/09/2025;15,33;2,13
1226;12/09/2025;15,32;2,17
1227;15/09/2025;15,36;2,17
1228;16/09/2025;15,4;2,16
1229;17/09/2025;15,37;2,17
1230;18/09/2025;15,36;2,17
1231;19/09/2025;15,35;2,16
1232;22/09/2025;15,35;2,17
1233;23/09/2025;15,32;2,19
1234;24/09/2025;15,33;2,18
1235;25/09/2025;15,35;2,18
1236;26/09/2025;15,41;2,18
1237;29/09/2025;15,41;2,19
1238;30/09/2025;15,49;2,18
1239;1/10/2025;15,56;2,12
1240;2/10/2025;15,46;2,05
1241;3/10/2025;15,42;2,07
1242;6/10/2025;15,42;2,07
1243;7/10/2025;15,36;2,09
1244;8/10/2025;15,36;2,09
1245;9/10/2025;15,35;2,11
1246;10/10/2025;15,5;2,11
1247;13/10/2025;15,55;2,12
1248;14/10/2025;15,65;2,13
1249;15/10/2025;15,66;2,12
1250;16/10/2025;15,65;2,14
1251;17/10/2025;15,59;2,14
1252;20/10/2025;15,61;2,16
1253;21/10/2025;15,56;2,16
1254;22/10/2025;15,53;2,15
1255;23/10/2025;15,55;2,15
1256;24/10/2025;15,56;2,13
1257;27/10/2025;15,6;2,13
1258;28/10/2025;15,71;2,13
1259;29/10/2025;15,72;2,14
1260;30/10/2025;15,73;2,16
1261;31/10/2025;15,72;2,15
1262;3/11/2025;15,72;2,12
1263;4/11/2025;15,68;2,03
1264;5/11/2025;15,66;2,06
1265;6/11/2025;15,57;2,06
1266;7/11/2025;15,61;2,07
1267;10/11/2025;15,63;2,06
1268;11/11/2025;15,78;2,1
1269;12/11/2025;15,8;2,1
1270;13/11/2025;15,82;2,09
1271;14/11/2025;15,82;2,11
1272;17/11/2025;15,8;2,12
1273;18/11/2025;15,79;2,11
1274;19/11/2025;15,77;2,11
1275;20/11/2025;15,8;2,1
1276;21/11/2025;15,71;2,11
1277;24/11/2025;15,7;2,11
1278;25/11/2025;15,81;2,1
1279;26/11/2025;15,84;2,1
1280;27/11/2025;15,85;2,11
1281;28/11/2025;15,86;2,08
1282;1/12/2025;15,85;2,06
1283;2/12/2025;15,94;1,94
1284;3/12/2025;15,92;1,98
1285;4/12/2025;15,9;2,05
1286;5/12/2025;15,88;1,98
1287;8/12/2025;15,88;1,98
1288;9/12/2025;15,88;1,98
1289;10/12/2025;15,77;1,99
1290;11/12/2025;15,86;1,98
1291;12/12/2025;15,89;1,97
1292;15/12/2025;15,87;1,98
1293;16/12/2025;15,86;1,99
1294;17/12/2025;15,8;1,98
1295;18/12/2025;15,77;1,99
1296;19/12/2025;15,75;1,97
1297;22/12/2025;15,77;1,97
1298;23/12/2025;15,78;1,96
1299;24/12/2025;15,81;1,97
1300;25/12/2025;15,81;1,97
1301;26/12/2025;15,81;1,97
1302;29/12/2025;15,94;1,96
1303;30/12/2025;16,04;1,97
1304;31/12/2025;17,06;1,97
