id;fecha;tasa_referencia_bcrp_pct;tasa_interbancaria_mn_pct;riesgo_pais_embig_pbs;tipo_cambio_venta_pen_usd
1;1/01/2021;;;132,0;
2;4/01/2021;0,25;0,25;131,0;362,666,666,666,667
3;5/01/2021;0,25;0,25;130,0;363,366,666,666,667
4;6/01/2021;0,25;0,25;128,0;362,683,333,333,333
5;7/01/2021;0,25;0,25;128,0;3,623
6;8/01/2021;0,25;0,25;125,0;361,383,333,333,333
7;11/01/2021;0,25;0,25;129,0;361,733,333,333,333
8;12/01/2021;0,25;0,25;138,0;3,609
9;13/01/2021;0,25;0,25;135,0;3,614
10;14/01/2021;0,25;0,25;131,0;36,135
11;15/01/2021;0,25;0,25;134,0;361,266,666,666,667
12;18/01/2021;0,25;0,25;134,0;3,617
13;19/01/2021;0,25;0,25;134,0;361,333,333,333,333
14;20/01/2021;0,25;0,25;134,0;361,533,333,333,333
15;21/01/2021;0,25;0,25;133,0;3,622
16;22/01/2021;0,25;0,25;131,0;363,416,666,666,667
17;25/01/2021;0,25;0,25;133,0;3,644
18;26/01/2021;0,25;0,25;132,0;364,516,666,666,667
19;27/01/2021;0,25;0,25;133,0;3,653
20;28/01/2021;0,25;0,25;131,0;364,666,666,666,667
21;29/01/2021;0,25;0,25;128,0;363,933,333,333,333
22;1/02/2021;0,25;0,25;131,0;36,395
23;2/02/2021;0,25;0,25;130,0;363,883,333,333,333
24;3/02/2021;0,25;0,25;132,0;36,385
25;4/02/2021;0,25;0,25;137,0;364,566,666,666,667
26;5/02/2021;0,25;0,25;135,0;363,933,333,333,333
27;8/02/2021;0,25;0,25;136,0;3,643
28;9/02/2021;0,25;0,25;135,0;364,266,666,666,667
29;10/02/2021;0,25;0,25;137,0;363,816,666,666,667
30;11/02/2021;0,25;0,25;134,0;363,883,333,333,333
31;12/02/2021;0,25;0,25;133,0;36,455
32;15/02/2021;0,25;0,25;133,0;3,645
33;16/02/2021;0,25;0,25;136,0;3,651
34;17/02/2021;0,25;0,25;136,0;3,655
35;18/02/2021;0,25;0,25;138,0;365,066,666,666,667
36;19/02/2021;0,25;0,25;137,0;365,366,666,666,667
37;22/02/2021;0,25;0,25;141,0;36,555
38;23/02/2021;0,25;0,25;145,0;365,366,666,666,667
39;24/02/2021;0,25;0,25;145,0;36,505
40;25/02/2021;0,25;0,25;147,0;364,883,333,333,333
41;26/02/2021;0,25;0,25;164,0;365,083,333,333,333
42;1/03/2021;0,25;0,25;159,0;36,545
43;2/03/2021;0,25;0,25;165,0;366,516,666,666,667
44;3/03/2021;0,25;0,25;166,0;367,633,333,333,333
45;4/03/2021;0,25;0,25;170,0;36,775
46;5/03/2021;0,25;0,25;178,0;36,955
47;8/03/2021;0,25;0,25;185,0;370,466,666,666,667
48;9/03/2021;0,25;0,25;184,0;3,704
49;10/03/2021;0,25;0,25;180,0;369,416,666,666,667
50;11/03/2021;0,25;0,25;173,0;3,693
51;12/03/2021;0,25;0,25;166,0;370,566,666,666,667
52;15/03/2021;0,25;0,25;166,0;3,718
53;16/03/2021;0,25;0,25;160,0;370,566,666,666,667
54;17/03/2021;0,25;0,25;159,0;3,709
55;18/03/2021;0,25;0,25;157,0;37,075
56;19/03/2021;0,25;0,25;156,0;371,533,333,333,333
57;22/03/2021;0,25;0,25;160,0;372,266,666,666,667
58;23/03/2021;0,25;0,25;161,0;371,983,333,333,333
59;24/03/2021;0,25;0,25;161,0;372,433,333,333,333
60;25/03/2021;0,25;0,25;162,0;373,366,666,666,667
61;26/03/2021;0,25;0,25;160,0;373,633,333,333,333
62;29/03/2021;0,25;0,25;156,0;375,116,666,666,667
63;30/03/2021;0,25;0,25;161,0;376,616,666,666,667
64;31/03/2021;0,25;0,25;152,0;37,555
65;1/04/2021;;;152,0;
66;2/04/2021;;;152,0;
67;5/04/2021;0,25;0,25;148,0;371,416,666,666,667
68;6/04/2021;0,25;0,25;148,0;36,485
69;7/04/2021;0,25;0,25;149,0;361,383,333,333,333
70;8/04/2021;0,25;0,25;151,0;359,666,666,666,667
71;9/04/2021;0,25;0,25;152,0;362,783,333,333,333
72;12/04/2021;0,25;0,25;159,0;364,466,666,666,667
73;13/04/2021;0,25;0,25;164,0;3,627
74;14/04/2021;0,25;0,25;160,0;363,083,333,333,333
75;15/04/2021;0,25;0,25;161,0;362,266,666,666,667
76;16/04/2021;0,25;0,25;157,0;3,633
77;19/04/2021;0,25;0,25;164,0;3,681
78;20/04/2021;0,25;0,25;175,0;36,875
79;21/04/2021;0,25;0,25;181,0;370,666,666,666,667
80;22/04/2021;0,25;0,25;188,0;37,625
81;23/04/2021;0,25;0,25;180,0;377,833,333,333,333
82;26/04/2021;0,25;0,25;185,0;3,831
83;27/04/2021;0,25;0,25;181,0;384,233,333,333,333
84;28/04/2021;0,25;0,25;177,0;379,666,666,666,667
85;29/04/2021;0,25;0,25;170,0;378,766,666,666,667
86;30/04/2021;0,25;0,25;165,0;379,016,666,666,667
87;3/05/2021;0,25;0,25;164,0;381,383,333,333,333
88;4/05/2021;0,25;0,25;167,0;383,533,333,333,333
89;5/05/2021;0,25;0,25;175,0;3,828
90;6/05/2021;0,25;0,25;174,0;381,933,333,333,333
91;7/05/2021;0,25;0,25;164,0;380,133,333,333,333
92;10/05/2021;0,25;0,25;159,0;3,762
93;11/05/2021;0,25;0,25;158,0;370,283,333,333,333
94;12/05/2021;0,25;0,25;157,0;3,732
95;13/05/2021;0,25;0,25;155,0;368,033,333,333,333
96;14/05/2021;0,25;0,25;154,0;367,866,666,666,667
97;17/05/2021;0,25;0,25;153,0;3,717
98;18/05/2021;0,25;0,25;152,0;373,466,666,666,667
99;19/05/2021;0,25;0,25;155,0;375,016,666,666,667
100;20/05/2021;0,25;0,25;159,0;3,736
101;21/05/2021;0,25;0,25;164,0;3,75
102;24/05/2021;0,25;0,25;172,0;380,133,333,333,333
103;25/05/2021;0,25;0,25;174,0;383,266,666,666,667
104;26/05/2021;0,25;0,25;171,0;384,766,666,666,667
105;27/05/2021;0,25;0,25;170,0;386,933,333,333,333
106;28/05/2021;0,25;0,25;169,0;3,801
107;31/05/2021;0,25;0,25;169,0;38,265
108;1/06/2021;0,25;0,25;167,0;3,845
109;2/06/2021;0,25;0,25;167,0;385,833,333,333,333
110;3/06/2021;0,25;0,25;165,0;386,066,666,666,667
111;4/06/2021;0,25;0,25;167,0;383,566,666,666,667
112;7/06/2021;0,25;0,25;180,0;3,94
113;8/06/2021;0,25;0,25;176,0;394,633,333,333,333
114;9/06/2021;0,25;0,25;172,0;389,083,333,333,333
115;10/06/2021;0,25;0,25;174,0;3,887
116;11/06/2021;0,25;0,25;170,0;389,883,333,333,333
117;14/06/2021;0,25;0,25;169,0;390,033,333,333,333
118;15/06/2021;0,25;0,25;169,0;390,466,666,666,667
119;16/06/2021;0,25;0,25;169,0;390,533,333,333,333
120;17/06/2021;0,25;0,25;170,0;39,185
121;18/06/2021;0,25;0,25;174,0;394,433,333,333,333
122;21/06/2021;0,25;0,25;174,0;3,96
123;22/06/2021;0,25;0,25;170,0;397,583,333,333,333
124;23/06/2021;0,25;0,25;168,0;397,833,333,333,333
125;24/06/2021;0,25;0,25;167,0;3,983
126;25/06/2021;0,25;0,25;163,0;39,785
127;28/06/2021;0,25;;165,0;391,266,666,666,667
128;29/06/2021;;;164,0;
129;30/06/2021;0,25;0,25;163,0;386,333,333,333,333
130;1/07/2021;0,25;0,25;163,0;386,316,666,666,667
131;2/07/2021;0,25;0,25;166,0;388,783,333,333,333
132;5/07/2021;0,25;0,25;166,0;392,016,666,666,667
133;6/07/2021;0,25;0,25;166,0;395,233,333,333,333
134;7/07/2021;0,25;0,25;167,0;396,033,333,333,333
135;8/07/2021;0,25;0,25;167,0;396,616,666,666,667
136;9/07/2021;0,25;0,25;163,0;3,96
137;12/07/2021;0,25;0,25;163,0;396,066,666,666,667
138;13/07/2021;0,25;0,25;160,0;39,715
139;14/07/2021;0,25;0,25;161,0;396,483,333,333,333
140;15/07/2021;0,25;0,25;165,0;395,716,666,666,667
141;16/07/2021;0,25;0,25;163,0;390,883,333,333,333
142;19/07/2021;0,25;0,25;171,0;394,083,333,333,333
143;20/07/2021;0,25;0,25;169,0;39,545
144;21/07/2021;0,25;0,25;169,0;3,95
145;22/07/2021;0,25;0,25;173,0;394,116,666,666,667
146;23/07/2021;0,25;0,25;172,0;392,433,333,333,333
147;26/07/2021;0,25;0,25;173,0;390,983,333,333,333
148;27/07/2021;0,25;0,25;179,0;392,233,333,333,333
149;28/07/2021;;;182,0;
150;29/07/2021;;;187,0;
151;30/07/2021;0,25;0,25;197,0;405,383,333,333,333
152;2/08/2021;0,25;0,25;193,0;4,059
153;3/08/2021;0,25;0,25;187,0;406,783,333,333,333
154;4/08/2021;0,25;0,25;186,0;407,633,333,333,333
155;5/08/2021;0,25;0,25;182,0;407,266,666,666,667
156;6/08/2021;0,25;0,25;179,0;409,133,333,333,333
157;9/08/2021;0,25;0,25;179,0;410,733,333,333,333
158;10/08/2021;0,25;0,25;183,0;406,483,333,333,333
159;11/08/2021;0,25;0,25;184,0;408,966,666,666,667
160;12/08/2021;0,25;0,25;183,0;409,716,666,666,667
161;13/08/2021;0,5;0,5;188,0;407,966,666,666,667
162;16/08/2021;0,5;0,5;189,0;40,775
163;17/08/2021;0,5;0,5;188,0;408,716,666,666,667
164;18/08/2021;0,5;0,5;187,0;4,095
165;19/08/2021;0,5;0,5;187,0;411,166,666,666,667
166;20/08/2021;0,5;0,5;185,0;411,316,666,666,667
167;23/08/2021;0,5;0,5;185,0;410,866,666,666,667
168;24/08/2021;0,5;0,5;179,0;40,925
169;25/08/2021;0,5;0,5;174,0;409,716,666,666,667
170;26/08/2021;0,5;0,5;178,0;4,09
171;27/08/2021;0,5;0,5;178,0;407,433,333,333,333
172;30/08/2021;;;177,0;
173;31/08/2021;0,5;0,5;175,0;4,086
174;1/09/2021;0,5;0,5;175,0;408,116,666,666,667
175;2/09/2021;0,5;0,5;178,0;4,1
176;3/09/2021;0,5;0,5;175,0;409,416,666,666,667
177;6/09/2021;0,5;0,5;175,0;4,103
178;7/09/2021;0,5;0,5;171,0;410,133,333,333,333
179;8/09/2021;0,5;0,5;174,0;4,092
180;9/09/2021;0,5;0,5;175,0;4,1
181;10/09/2021;1,0;1,0;172,0;4,1
182;13/09/2021;1,0;1,0;174,0;4,105
183;14/09/2021;1,0;1,0;178,0;410,433,333,333,333
184;15/09/2021;1,0;1,0;174,0;410,733,333,333,333
185;16/09/2021;1,0;1,0;172,0;41,125
186;17/09/2021;1,0;1,0;169,0;4,109
187;20/09/2021;1,0;1,0;177,0;4,119
188;21/09/2021;1,0;1,0;175,0;411,266,666,666,667
189;22/09/2021;1,0;1,0;175,0;411,033,333,333,333
190;23/09/2021;1,0;1,0;169,0;411,233,333,333,333
191;24/09/2021;1,0;1,0;170,0;410,933,333,333,333
192;27/09/2021;1,0;1,0;172,0;412,483,333,333,333
193;28/09/2021;1,0;1,0;173,0;41,265
194;29/09/2021;1,0;1,0;175,0;412,816,666,666,667
195;30/09/2021;1,0;1,0;180,0;41,375
196;1/10/2021;1,0;1,0;186,0;412,866,666,666,667
197;4/10/2021;1,0;1,0;186,0;413,016,666,666,667
198;5/10/2021;1,0;1,0;183,0;4,133
199;6/10/2021;1,0;1,0;185,0;413,533,333,333,333
200;7/10/2021;1,0;1,0;173,0;408,816,666,666,667
201;8/10/2021;;;171,0;
202;11/10/2021;1,5;1,5;171,0;407,166,666,666,667
203;12/10/2021;1,5;1,5;174,0;40,615
204;13/10/2021;1,5;1,5;173,0;399,316,666,666,667
205;14/10/2021;1,5;1,5;170,0;393,583,333,333,333
206;15/10/2021;1,5;1,5;170,0;392,883,333,333,333
207;18/10/2021;1,5;1,5;172,0;394,966,666,666,667
208;19/10/2021;1,5;1,5;165,0;39,465
209;20/10/2021;1,5;1,5;162,0;39,435
210;21/10/2021;1,5;1,5;161,0;395,166,666,666,667
211;22/10/2021;1,5;1,5;161,0;396,416,666,666,667
212;25/10/2021;1,5;1,5;159,0;3,971
213;26/10/2021;1,5;1,5;164,0;39,935
214;27/10/2021;1,5;1,5;166,0;398,666,666,666,667
215;28/10/2021;1,5;1,5;171,0;397,833,333,333,333
216;29/10/2021;1,5;1,5;181,0;399,233,333,333,333
217;1/11/2021;;;181,0;
218;2/11/2021;1,5;1,5;183,0;400,866,666,666,667
219;3/11/2021;1,5;1,5;175,0;40,125
220;4/11/2021;1,5;1,5;179,0;401,066,666,666,667
221;5/11/2021;1,5;1,5;182,0;401,483,333,333,333
222;8/11/2021;1,5;1,5;173,0;40,135
223;9/11/2021;1,5;1,5;176,0;401,566,666,666,667
224;10/11/2021;1,5;1,5;172,0;40,245
225;11/11/2021;1,5;1,5;172,0;402,216,666,666,667
226;12/11/2021;2,0;2,0;173,0;40,225
227;15/11/2021;2,0;2,0;171,0;40,045
228;16/11/2021;2,0;2,0;171,0;399,933,333,333,333
229;17/11/2021;2,0;2,0;174,0;4,004
230;18/11/2021;2,0;2,0;174,0;401,966,666,666,667
231;19/11/2021;2,0;2,0;177,0;402,016,666,666,667
232;22/11/2021;2,0;2,0;174,0;401,933,333,333,333
233;23/11/2021;2,0;2,0;178,0;400,833,333,333,333
234;24/11/2021;2,0;2,0;184,0;4,022
235;25/11/2021;2,0;2,0;184,0;402,916,666,666,667
236;26/11/2021;2,0;2,0;203,0;403,966,666,666,667
237;29/11/2021;2,0;2,0;196,0;405,416,666,666,667
238;30/11/2021;2,0;2,0;194,0;406,566,666,666,667
239;1/12/2021;2,0;2,0;188,0;406,866,666,666,667
240;2/12/2021;2,0;2,0;185,0;4,072
241;3/12/2021;2,0;2,0;191,0;40,755
242;6/12/2021;2,0;2,0;184,0;4,084
243;7/12/2021;2,0;2,0;175,0;407,783,333,333,333
244;8/12/2021;;;170,0;
245;9/12/2021;2,0;2,0;169,0;408,166,666,666,667
246;10/12/2021;2,5;2,5;169,0;406,816,666,666,667
247;13/12/2021;2,5;2,5;173,0;40,605
248;14/12/2021;2,5;2,5;171,0;405,583,333,333,333
249;15/12/2021;2,5;2,5;170,0;4,056
250;16/12/2021;2,5;2,5;173,0;404,016,666,666,667
251;17/12/2021;2,5;2,5;174,0;403,733,333,333,333
252;20/12/2021;2,5;2,5;175,0;4,047
253;21/12/2021;2,5;2,5;173,0;405,416,666,666,667
254;22/12/2021;2,5;2,5;176,0;4,046
255;23/12/2021;2,5;2,5;172,0;401,716,666,666,667
256;24/12/2021;2,5;2,5;172,0;40,075
257;27/12/2021;2,5;2,5;173,0;398,783,333,333,333
258;28/12/2021;2,5;2,5;171,0;395,266,666,666,667
259;29/12/2021;2,5;2,5;166,0;397,066,666,666,667
260;30/12/2021;2,5;2,5;169,0;398,666,666,666,667
261;31/12/2021;2,5;2,5;170,0;39,814
262;3/01/2022;2,5;2,5;162,0;398,883,333,333,333
263;4/01/2022;2,5;2,5;165,0;3,964
264;5/01/2022;2,5;2,5;167,0;395,633,333,333,333
265;6/01/2022;2,5;2,5;176,0;396,966,666,666,667
266;7/01/2022;3,0;3,0;177,0;394,816,666,666,667
267;10/01/2022;3,0;3,0;180,0;393,016,666,666,667
268;11/01/2022;3,0;3,0;181,0;391,933,333,333,333
269;12/01/2022;3,0;3,0;179,0;3,896
270;13/01/2022;3,0;3,0;180,0;389,783,333,333,333
271;14/01/2022;3,0;3,0;176,0;387,583,333,333,333
272;17/01/2022;3,0;3,0;176,0;385,733,333,333,333
273;18/01/2022;3,0;3,0;177,0;385,583,333,333,333
274;19/01/2022;3,0;3,0;177,0;386,533,333,333,333
275;20/01/2022;3,0;3,0;175,0;384,766,666,666,667
276;21/01/2022;3,0;3,0;180,0;382,766,666,666,667
277;24/01/2022;3,0;3,0;179,0;384,183,333,333,333
278;25/01/2022;3,0;3,0;177,0;384,966,666,666,667
279;26/01/2022;3,0;3,0;174,0;384,333,333,333,333
280;27/01/2022;3,0;3,0;182,0;3,839
281;28/01/2022;3,0;3,0;186,0;38,475
282;31/01/2022;3,0;3,0;186,0;384,316,666,666,667
283;1/02/2022;3,0;3,02;191,0;387,766,666,666,667
284;2/02/2022;3,0;3,0;190,0;3,857
285;3/02/2022;3,0;3,0;186,0;386,083,333,333,333
286;4/02/2022;3,0;3,01;186,0;386,783,333,333,333
287;7/02/2022;3,0;3,0;192,0;384,583,333,333,333
288;8/02/2022;3,0;3,0;192,0;384,216,666,666,667
289;9/02/2022;3,0;3,0;190,0;382,466,666,666,667
290;10/02/2022;3,0;3,0;188,0;376,166,666,666,667
291;11/02/2022;3,5;3,5;204,0;37,585
292;14/02/2022;3,5;3,5;200,0;37,905
293;15/02/2022;3,5;3,5;192,0;38,005
294;16/02/2022;3,5;3,5;194,0;376,816,666,666,667
295;17/02/2022;3,5;3,5;198,0;373,933,333,333,333
296;18/02/2022;3,5;3,5;203,0;37,215
297;21/02/2022;3,5;3,5;203,0;375,133,333,333,333
298;22/02/2022;3,5;3,5;207,0;374,016,666,666,667
299;23/02/2022;3,5;3,5;210,0;37,205
300;24/02/2022;3,5;3,5;211,0;379,566,666,666,667
301;25/02/2022;3,5;3,5;205,0;37,535
302;28/02/2022;3,5;3,52;213,0;376,166,666,666,667
303;1/03/2022;3,5;3,58;212,0;379,466,666,666,667
304;2/03/2022;3,5;3,58;207,0;376,633,333,333,333
305;3/03/2022;3,5;3,58;211,0;373,166,666,666,667
306;4/03/2022;3,5;3,73;224,0;375,966,666,666,667
307;7/03/2022;3,5;3,65;226,0;37,455
308;8/03/2022;3,5;3,61;225,0;373,466,666,666,667
309;9/03/2022;3,5;3,55;217,0;37,175
310;10/03/2022;3,5;3,7;214,0;372,083,333,333,333
311;11/03/2022;4,0;4,0;211,0;3,694
312;14/03/2022;4,0;4,0;206,0;371,533,333,333,333
313;15/03/2022;4,0;4,0;207,0;3,739
314;16/03/2022;4,0;4,0;207,0;372,533,333,333,333
315;17/03/2022;4,0;4,0;194,0;373,566,666,666,667
316;18/03/2022;4,0;4,0;193,0;37,745
317;21/03/2022;4,0;4,0;190,0;3,789
318;22/03/2022;4,0;4,0;190,0;377,583,333,333,333
319;23/03/2022;4,0;4,0;199,0;377,133,333,333,333
320;24/03/2022;4,0;4,0;192,0;37,485
321;25/03/2022;4,0;4,0;183,0;37,305
322;28/03/2022;4,0;4,0;184,0;37,325
323;29/03/2022;4,0;4,11;179,0;372,066,666,666,667
324;30/03/2022;4,0;4,0;175,0;37,235
325;31/03/2022;4,0;4,0;171,0;3,693
326;1/04/2022;4,0;4,14;172,0;365,133,333,333,333
327;4/04/2022;4,0;4,09;166,0;36,305
328;5/04/2022;4,0;4,19;165,0;369,833,333,333,333
329;6/04/2022;4,0;4,3;165,0;371,933,333,333,333
330;7/04/2022;4,0;4,28;180,0;371,266,666,666,667
331;8/04/2022;4,5;4,51;191,0;371,516,666,666,667
332;11/04/2022;4,5;4,5;197,0;37,145
333;12/04/2022;4,5;4,5;195,0;37,095
334;13/04/2022;4,5;4,5;189,0;373,883,333,333,333
335;14/04/2022;;;181,0;
336;15/04/2022;;;181,0;
337;18/04/2022;4,5;4,5;183,0;3,736
338;19/04/2022;4,5;4,5;185,0;372,883,333,333,333
339;20/04/2022;4,5;4,5;193,0;370,766,666,666,667
340;21/04/2022;4,5;4,59;198,0;372,983,333,333,333
341;22/04/2022;4,5;4,82;203,0;376,533,333,333,333
342;25/04/2022;4,5;4,62;207,0;38,115
343;26/04/2022;4,5;4,61;209,0;381,816,666,666,667
344;27/04/2022;4,5;4,5;207,0;383,166,666,666,667
345;28/04/2022;4,5;4,5;215,0;385,166,666,666,667
346;29/04/2022;4,5;4,5;218,0;38,345
347;2/05/2022;4,5;4,79;228,0;38,435
348;3/05/2022;4,5;4,8;223,0;382,116,666,666,667
349;4/05/2022;4,5;4,91;222,0;379,783,333,333,333
350;5/05/2022;4,5;4,99;214,0;3,785
351;6/05/2022;4,5;5,0;211,0;38,125
352;9/05/2022;4,5;4,5;227,0;382,883,333,333,333
353;10/05/2022;4,5;4,5;224,0;380,733,333,333,333
354;11/05/2022;4,5;4,5;224,0;378,416,666,666,667
355;12/05/2022;4,5;4,5;224,0;37,965
356;13/05/2022;5,0;5,0;216,0;378,183,333,333,333
357;16/05/2022;5,0;5,0;217,0;378,233,333,333,333
358;17/05/2022;5,0;5,0;213,0;37,595
359;18/05/2022;5,0;5,0;226,0;3,771
360;19/05/2022;5,0;5,0;224,0;3,749
361;20/05/2022;5,0;5,02;228,0;372,883,333,333,333
362;23/05/2022;5,0;5,0;220,0;371,716,666,666,667
363;24/05/2022;5,0;5,0;225,0;3,711
364;25/05/2022;5,0;5,0;216,0;3,691
365;26/05/2022;5,0;5,0;210,0;366,016,666,666,667
366;27/05/2022;5,0;4,97;200,0;36,735
367;30/05/2022;5,0;5,29;200,0;368,166,666,666,667
368;31/05/2022;5,0;5,35;194,0;370,283,333,333,333
369;1/06/2022;5,0;5,14;192,0;37,235
370;2/06/2022;5,0;5,0;195,0;370,883,333,333,333
371;3/06/2022;5,0;5,0;197,0;370,716,666,666,667
372;6/06/2022;5,0;5,0;196,0;372,833,333,333,333
373;7/06/2022;5,0;5,0;198,0;37,545
374;8/06/2022;5,0;5,0;197,0;375,716,666,666,667
375;9/06/2022;5,0;4,99;201,0;375,633,333,333,333
376;10/06/2022;5,5;4,59;201,0;377,683,333,333,333
377;13/06/2022;5,5;5,05;214,0;37,745
378;14/06/2022;5,5;5,5;211,0;375,266,666,666,667
379;15/06/2022;5,5;5,5;215,0;3,728
380;16/06/2022;5,5;5,5;223,0;372,183,333,333,333
381;17/06/2022;5,5;5,5;223,0;3,72
382;20/06/2022;5,5;5,5;223,0;37,235
383;21/06/2022;5,5;5,5;218,0;372,133,333,333,333
384;22/06/2022;5,5;5,5;226,0;3,731
385;23/06/2022;5,5;5,5;223,0;37,455
386;24/06/2022;5,5;5,5;220,0;3,785
387;27/06/2022;5,5;5,5;219,0;378,516,666,666,667
388;28/06/2022;5,5;5,5;233,0;378,583,333,333,333
389;29/06/2022;;;238,0;
390;30/06/2022;5,5;5,5;235,0;382,466,666,666,667
391;1/07/2022;5,5;5,5;235,0;3,852
392;4/07/2022;5,5;5,5;235,0;383,216,666,666,667
393;5/07/2022;5,5;5,5;238,0;3,86
394;6/07/2022;5,5;5,48;228,0;38,855
395;7/07/2022;5,5;5,47;223,0;388,883,333,333,333
396;8/07/2022;6,0;5,98;222,0;390,266,666,666,667
397;11/07/2022;6,0;6,0;232,0;395,183,333,333,333
398;12/07/2022;6,0;6,0;240,0;3,976
399;13/07/2022;6,0;6,0;246,0;395,733,333,333,333
400;14/07/2022;6,0;6,0;250,0;394,833,333,333,333
401;15/07/2022;6,0;6,0;252,0;389,516,666,666,667
402;18/07/2022;6,0;6,06;245,0;3,888
403;19/07/2022;6,0;6,01;238,0;387,416,666,666,667
404;20/07/2022;6,0;6,0;234,0;388,316,666,666,667
405;21/07/2022;6,0;6,0;242,0;391,116,666,666,667
406;22/07/2022;6,0;6,0;242,0;391,666,666,666,667
407;25/07/2022;6,0;6,0;236,0;391,366,666,666,667
408;26/07/2022;6,0;6,0;233,0;392,033,333,333,333
409;27/07/2022;6,0;6,06;228,0;392,016,666,666,667
410;28/07/2022;;;226,0;
411;29/07/2022;;;219,0;
412;1/08/2022;6,0;6,04;223,0;388,983,333,333,333
413;2/08/2022;6,0;6,0;215,0;392,083,333,333,333
414;3/08/2022;6,0;6,0;222,0;391,683,333,333,333
415;4/08/2022;6,0;6,0;213,0;389,133,333,333,333
416;5/08/2022;6,0;6,2;209,0;390,716,666,666,667
417;8/08/2022;6,0;6,46;210,0;3,913
418;9/08/2022;6,0;6,15;215,0;393,016,666,666,667
419;10/08/2022;6,0;6,01;204,0;389,733,333,333,333
420;11/08/2022;6,0;6,0;195,0;388,416,666,666,667
421;12/08/2022;6,5;6,5;200,0;386,116,666,666,667
422;15/08/2022;6,5;5,83;201,0;38,525
423;16/08/2022;6,5;6,25;205,0;385,866,666,666,667
424;17/08/2022;6,5;6,32;209,0;3,843
425;18/08/2022;6,5;6,18;208,0;384,383,333,333,333
426;19/08/2022;6,5;6,4;211,0;385,866,666,666,667
427;22/08/2022;6,5;6,48;218,0;38,795
428;23/08/2022;6,5;6,5;214,0;38,625
429;24/08/2022;6,5;6,48;206,0;386,683,333,333,333
430;25/08/2022;6,5;6,5;209,0;385,433,333,333,333
431;26/08/2022;6,5;6,5;212,0;384,133,333,333,333
432;29/08/2022;6,5;6,47;217,0;383,516,666,666,667
433;30/08/2022;;;219,0;
434;31/08/2022;6,5;6,5;218,0;3,845
435;1/09/2022;6,5;6,5;219,0;386,533,333,333,333
436;2/09/2022;6,5;6,5;223,0;387,216,666,666,667
437;5/09/2022;6,5;6,5;223,0;3,883
438;6/09/2022;6,5;6,5;221,0;389,883,333,333,333
439;7/09/2022;6,5;6,5;223,0;389,316,666,666,667
440;8/09/2022;6,5;6,5;215,0;387,833,333,333,333
441;9/09/2022;6,75;6,75;210,0;388,066,666,666,667
442;12/09/2022;6,75;6,71;202,0;385,566,666,666,667
443;13/09/2022;6,75;6,75;214,0;386,716,666,666,667
444;14/09/2022;6,75;6,75;225,0;387,866,666,666,667
445;15/09/2022;6,75;6,75;225,0;388,933,333,333,333
446;16/09/2022;6,75;6,75;231,0;388,116,666,666,667
447;19/09/2022;6,75;6,75;229,0;386,966,666,666,667
448;20/09/2022;6,75;6,74;230,0;38,875
449;21/09/2022;6,75;6,75;226,0;39,005
450;22/09/2022;6,75;6,65;220,0;3,905
451;23/09/2022;6,75;6,58;227,0;39,115
452;26/09/2022;6,75;6,75;234,0;393,916,666,666,667
453;27/09/2022;6,75;6,75;237,0;394,983,333,333,333
454;28/09/2022;6,75;6,75;246,0;394,983,333,333,333
455;29/09/2022;6,75;6,75;248,0;3,973
456;30/09/2022;6,75;6,81;246,0;398,333,333,333,333
457;3/10/2022;6,75;6,83;245,0;39,675
458;4/10/2022;6,75;6,75;229,0;395,216,666,666,667
459;5/10/2022;6,75;6,76;233,0;39,665
460;6/10/2022;6,75;6,9;233,0;398,166,666,666,667
461;7/10/2022;7,0;7,13;241,0;39,765
462;10/10/2022;7,0;7,0;241,0;3,96
463;11/10/2022;7,0;7,0;247,0;397,133,333,333,333
464;12/10/2022;7,0;7,0;254,0;398,316,666,666,667
465;13/10/2022;7,0;7,0;257,0;398,466,666,666,667
466;14/10/2022;7,0;7,0;256,0;399,033,333,333,333
467;17/10/2022;7,0;7,0;252,0;398,033,333,333,333
468;18/10/2022;7,0;7,0;249,0;397,666,666,666,667
469;19/10/2022;7,0;7,0;248,0;398,583,333,333,333
470;20/10/2022;7,0;7,0;250,0;398,016,666,666,667
471;21/10/2022;7,0;7,0;250,0;398,483,333,333,333
472;24/10/2022;7,0;7,01;238,0;40,015
473;25/10/2022;7,0;7,0;235,0;399,716,666,666,667
474;26/10/2022;7,0;7,0;232,0;399,033,333,333,333
475;27/10/2022;7,0;7,0;235,0;398,016,666,666,667
476;28/10/2022;7,0;7,0;224,0;397,533,333,333,333
477;31/10/2022;7,0;7,0;228,0;39,905
478;1/11/2022;7,0;;221,0;
479;2/11/2022;7,0;7,0;221,0;396,775
480;3/11/2022;7,0;7,0;221,0;39,725
481;4/11/2022;7,0;7,05;213,0;395,766,666,666,667
482;7/11/2022;7,0;7,0;201,0;395,133,333,333,333
483;8/11/2022;7,0;7,0;204,0;392,733,333,333,333
484;9/11/2022;7,0;7,0;211,0;3,914
485;10/11/2022;7,0;7,0;205,0;386,666,666,666,667
486;11/11/2022;7,25;7,25;205,0;385,866,666,666,667
487;14/11/2022;7,25;7,28;196,0;385,716,666,666,667
488;15/11/2022;7,25;7,27;195,0;383,016,666,666,667
489;16/11/2022;7,25;7,25;201,0;3,838
490;17/11/2022;7,25;7,25;202,0;38,415
491;18/11/2022;7,25;7,26;200,0;382,983,333,333,333
492;21/11/2022;7,25;7,36;197,0;383,916,666,666,667
493;22/11/2022;7,25;7,28;197,0;384,983,333,333,333
494;23/11/2022;7,25;7,25;201,0;38,515
495;24/11/2022;7,25;7,27;201,0;3,848
496;25/11/2022;7,25;7,25;202,0;386,566,666,666,667
497;28/11/2022;7,25;7,25;198,0;38,565
498;29/11/2022;7,25;7,3;190,0;3,846
499;30/11/2022;7,25;7,45;193,0;3,855
500;1/12/2022;7,25;7,25;196,0;3,83
501;2/12/2022;7,25;7,25;196,0;383,566,666,666,667
502;5/12/2022;7,25;7,31;191,0;3,849
503;6/12/2022;7,25;7,33;199,0;384,566,666,666,667
504;7/12/2022;7,25;7,27;201,0;384,633,333,333,333
505;8/12/2022;;;189,0;
506;9/12/2022;;;180,0;
507;12/12/2022;7,5;7,54;185,0;383,783,333,333,333
508;13/12/2022;7,5;7,56;185,0;38,305
509;14/12/2022;7,5;7,5;197,0;383,633,333,333,333
510;15/12/2022;7,5;7,5;203,0;384,783,333,333,333
511;16/12/2022;7,5;7,5;208,0;3,848
512;19/12/2022;7,5;7,5;208,0;383,583,333,333,333
513;20/12/2022;7,5;7,5;209,0;3,834
514;21/12/2022;7,5;7,54;200,0;3,818
515;22/12/2022;7,5;7,51;198,0;381,466,666,666,667
516;23/12/2022;7,5;7,63;193,0;3,818
517;26/12/2022;7,5;7,5;193,0;382,066,666,666,667
518;27/12/2022;7,5;7,51;191,0;3,82
519;28/12/2022;7,5;7,5;190,0;381,133,333,333,333
520;29/12/2022;7,5;7,5;195,0;381,216,666,666,667
521;30/12/2022;7,5;7,5;194,0;381,166,666,666,667
522;2/01/2023;;;194,0;
523;3/01/2023;7,5;7,52;200,0;381,733,333,333,333
524;4/01/2023;7,5;7,61;208,0;382,566,666,666,667
525;5/01/2023;7,5;7,65;217,0;382,683,333,333,333
526;6/01/2023;7,5;7,53;215,0;38,025
527;9/01/2023;7,5;7,5;215,0;379,533,333,333,333
528;10/01/2023;7,5;7,5;214,0;38,035
529;11/01/2023;7,5;7,5;213,0;378,033,333,333,333
530;12/01/2023;7,5;7,5;205,0;378,366,666,666,667
531;13/01/2023;7,75;7,75;202,0;381,083,333,333,333
532;16/01/2023;7,75;7,75;202,0;3,827
533;17/01/2023;7,75;7,75;206,0;3,842
534;18/01/2023;7,75;7,75;207,0;383,583,333,333,333
535;19/01/2023;7,75;7,75;211,0;38,625
536;20/01/2023;7,75;7,75;208,0;385,683,333,333,333
537;23/01/2023;7,75;7,75;207,0;387,516,666,666,667
538;24/01/2023;7,75;7,75;210,0;389,016,666,666,667
539;25/01/2023;7,75;7,75;210,0;3,899
540;26/01/2023;7,75;7,75;202,0;386,166,666,666,667
541;27/01/2023;7,75;7,75;199,0;382,933,333,333,333
542;30/01/2023;7,75;7,75;204,0;3,857
543;31/01/2023;7,75;7,73;206,0;384,783,333,333,333
544;1/02/2023;7,75;7,77;207,0;3,846
545;2/02/2023;7,75;7,75;197,0;383,116,666,666,667
546;3/02/2023;7,75;7,83;193,0;384,883,333,333,333
547;6/02/2023;7,75;7,75;190,0;385,116,666,666,667
548;7/02/2023;7,75;7,75;191,0;3,846
549;8/02/2023;7,75;7,75;195,0;385,833,333,333,333
550;9/02/2023;7,75;7,75;193,0;386,533,333,333,333
551;10/02/2023;7,75;7,75;196,0;385,466,666,666,667
552;13/02/2023;7,75;7,75;196,0;385,216,666,666,667
553;14/02/2023;7,75;7,75;190,0;386,066,666,666,667
554;15/02/2023;7,75;7,75;191,0;386,316,666,666,667
555;16/02/2023;7,75;7,75;186,0;386,466,666,666,667
556;17/02/2023;7,75;7,75;192,0;384,516,666,666,667
557;20/02/2023;7,75;7,75;192,0;3,845
558;21/02/2023;7,75;7,75;188,0;383,483,333,333,333
559;22/02/2023;7,75;7,75;191,0;382,166,666,666,667
560;23/02/2023;7,75;7,86;189,0;3,803
561;24/02/2023;7,75;7,75;188,0;382,116,666,666,667
562;27/02/2023;7,75;7,75;190,0;381,216,666,666,667
563;28/02/2023;7,75;7,75;191,0;380,466,666,666,667
564;1/03/2023;7,75;7,75;191,0;3,776
565;2/03/2023;7,75;7,75;192,0;378,616,666,666,667
566;3/03/2023;7,75;7,75;191,0;378,416,666,666,667
567;6/03/2023;7,75;7,74;187,0;37,855
568;7/03/2023;7,75;7,75;190,0;378,883,333,333,333
569;8/03/2023;7,75;7,73;191,0;379,166,666,666,667
570;9/03/2023;7,75;7,75;197,0;378,816,666,666,667
571;10/03/2023;7,75;7,73;204,0;378,266,666,666,667
572;13/03/2023;7,75;7,75;209,0;380,283,333,333,333
573;14/03/2023;7,75;7,75;200,0;378,883,333,333,333
574;15/03/2023;7,75;7,75;214,0;380,916,666,666,667
575;16/03/2023;7,75;7,75;204,0;379,416,666,666,667
576;17/03/2023;7,75;7,75;214,0;379,516,666,666,667
577;20/03/2023;7,75;7,75;211,0;377,933,333,333,333
578;21/03/2023;7,75;7,75;205,0;377,033,333,333,333
579;22/03/2023;7,75;7,75;216,0;377,233,333,333,333
580;23/03/2023;7,75;7,75;216,0;3,767
581;24/03/2023;7,75;7,75;215,0;37,732
582;27/03/2023;7,75;7,75;206,0;37,685
583;28/03/2023;7,75;7,75;210,0;37,655
584;29/03/2023;7,75;7,75;207,0;375,633,333,333,333
585;30/03/2023;7,75;7,75;209,0;375,933,333,333,333
586;31/03/2023;7,75;7,75;209,0;376,283,333,333,333
587;3/04/2023;7,75;7,75;205,0;3,768
588;4/04/2023;7,75;7,75;210,0;377,283,333,333,333
589;5/04/2023;7,75;7,75;212,0;3,772
590;6/04/2023;;;211,0;
591;7/04/2023;;;207,0;
592;10/04/2023;7,75;7,75;205,0;3,781
593;11/04/2023;7,75;7,75;204,0;37,845
594;12/04/2023;7,75;7,74;204,0;3,776
595;13/04/2023;7,75;7,72;201,0;377,566,666,666,667
596;14/04/2023;7,75;7,75;198,0;378,183,333,333,333
597;17/04/2023;7,75;7,65;197,0;37,835
598;18/04/2023;7,75;7,75;198,0;377,833,333,333,333
599;19/04/2023;7,75;7,75;200,0;37,785
600;20/04/2023;7,75;7,75;203,0;376,483,333,333,333
601;21/04/2023;7,75;7,75;199,0;37,635
602;24/04/2023;7,75;7,76;200,0;375,816,666,666,667
603;25/04/2023;7,75;7,82;201,0;3,756
604;26/04/2023;7,75;7,77;197,0;374,683,333,333,333
605;27/04/2023;7,75;7,75;193,0;3,731
606;28/04/2023;7,75;7,75;193,0;371,433,333,333,333
607;1/05/2023;;;187,0;
608;2/05/2023;7,75;7,75;199,0;370,983,333,333,333
609;3/05/2023;7,75;7,75;201,0;370,783,333,333,333
610;4/05/2023;7,75;7,75;201,0;371,933,333,333,333
611;5/05/2023;7,75;7,75;201,0;371,316,666,666,667
612;8/05/2023;7,75;7,75;198,0;3,706
613;9/05/2023;7,75;7,75;197,0;369,783,333,333,333
614;10/05/2023;7,75;7,75;199,0;36,735
615;11/05/2023;7,75;7,75;199,0;367,833,333,333,333
616;12/05/2023;7,75;7,75;198,0;3,656
617;15/05/2023;7,75;7,75;199,0;366,333,333,333,333
618;16/05/2023;7,75;7,75;198,0;368,533,333,333,333
619;17/05/2023;7,75;7,75;199,0;369,566,666,666,667
620;18/05/2023;7,75;7,75;195,0;37,025
621;19/05/2023;7,75;7,75;194,0;369,066,666,666,667
622;22/05/2023;7,75;7,75;195,0;369,216,666,666,667
623;23/05/2023;7,75;7,75;199,0;3,694
624;24/05/2023;7,75;7,76;198,0;368,766,666,666,667
625;25/05/2023;7,75;7,77;194,0;3,695
626;26/05/2023;7,75;7,75;196,0;36,725
627;29/05/2023;7,75;7,75;196,0;367,433,333,333,333
628;30/05/2023;7,75;7,75;197,0;36,745
629;31/05/2023;7,75;7,75;200,0;36,795
630;1/06/2023;7,75;7,75;195,0;368,366,666,666,667
631;2/06/2023;7,75;7,73;186,0;368,666,666,666,667
632;5/06/2023;7,75;7,54;192,0;367,866,666,666,667
633;6/06/2023;7,75;7,75;191,0;369,033,333,333,333
634;7/06/2023;7,75;7,75;187,0;367,033,333,333,333
635;8/06/2023;7,75;7,75;188,0;365,733,333,333,333
636;9/06/2023;7,75;7,75;186,0;364,583,333,333,333
637;12/06/2023;7,75;7,74;185,0;3,654
638;13/06/2023;7,75;7,75;178,0;364,616,666,666,667
639;14/06/2023;7,75;7,75;180,0;3,65
640;15/06/2023;7,75;7,75;182,0;365,116,666,666,667
641;16/06/2023;7,75;7,67;178,0;363,566,666,666,667
642;19/06/2023;7,75;7,75;178,0;363,583,333,333,333
643;20/06/2023;7,75;7,72;179,0;364,533,333,333,333
644;21/06/2023;7,75;7,75;178,0;36,425
645;22/06/2023;7,75;7,92;172,0;363,733,333,333,333
646;23/06/2023;7,75;7,75;175,0;363,333,333,333,333
647;26/06/2023;7,75;7,75;176,0;364,133,333,333,333
648;27/06/2023;7,75;7,75;174,0;363,766,666,666,667
649;28/06/2023;7,75;7,75;178,0;3,633
650;29/06/2023;;;174,0;
651;30/06/2023;7,75;7,77;172,0;362,716,666,666,667
652;3/07/2023;7,75;7,81;168,0;3,627
653;4/07/2023;7,75;7,75;168,0;362,883,333,333,333
654;5/07/2023;7,75;7,75;163,0;3,632
655;6/07/2023;7,75;7,75;165,0;3,647
656;7/07/2023;7,75;7,75;167,0;364,083,333,333,333
657;10/07/2023;7,75;7,75;168,0;363,966,666,666,667
658;11/07/2023;7,75;7,75;166,0;363,183,333,333,333
659;12/07/2023;7,75;7,74;170,0;358,816,666,666,667
660;13/07/2023;7,75;7,75;170,0;3,572
661;14/07/2023;7,75;7,75;169,0;356,383,333,333,333
662;17/07/2023;7,75;7,75;169,0;356,266,666,666,667
663;18/07/2023;7,75;7,75;168,0;35,575
664;19/07/2023;7,75;7,75;173,0;357,983,333,333,333
665;20/07/2023;7,75;7,75;172,0;358,783,333,333,333
666;21/07/2023;7,75;7,75;173,0;358,716,666,666,667
667;24/07/2023;7,75;7,75;173,0;358,883,333,333,333
668;25/07/2023;7,75;7,76;175,0;3,603
669;26/07/2023;7,75;7,75;173,0;359,933,333,333,333
670;27/07/2023;7,75;7,75;165,0;359,683,333,333,333
671;28/07/2023;;;169,0;
672;31/07/2023;7,75;7,75;163,0;361,116,666,666,667
673;1/08/2023;7,75;7,75;162,0;363,833,333,333,333
674;2/08/2023;7,75;7,75;163,0;366,233,333,333,333
675;3/08/2023;7,75;7,75;162,0;3,698
676;4/08/2023;7,75;7,75;168,0;369,116,666,666,667
677;7/08/2023;7,75;7,75;165,0;369,166,666,666,667
678;8/08/2023;7,75;7,75;165,0;3,709
679;9/08/2023;7,75;7,75;160,0;369,366,666,666,667
680;10/08/2023;7,75;7,75;159,0;367,433,333,333,333
681;11/08/2023;7,75;7,75;162,0;36,845
682;14/08/2023;7,75;7,75;167,0;37,045
683;15/08/2023;7,75;7,75;167,0;371,866,666,666,667
684;16/08/2023;7,75;7,75;172,0;371,533,333,333,333
685;17/08/2023;7,75;7,75;175,0;372,466,666,666,667
686;18/08/2023;7,75;7,75;173,0;3,72
687;21/08/2023;7,75;7,75;173,0;3,72
688;22/08/2023;7,75;7,75;174,0;372,783,333,333,333
689;23/08/2023;7,75;7,75;172,0;371,083,333,333,333
690;24/08/2023;7,75;7,75;172,0;36,987
691;25/08/2023;7,75;7,75;171,0;3,693
692;28/08/2023;7,75;7,75;169,0;3,696
693;29/08/2023;7,75;7,75;164,0;369,366,666,666,667
694;30/08/2023;;;164,0;
695;31/08/2023;7,75;7,75;160,0;369,466,666,666,667
696;1/09/2023;7,75;7,75;160,0;369,166,666,666,667
697;4/09/2023;7,75;7,75;162,0;369,183,333,333,333
698;5/09/2023;7,75;7,75;167,0;370,516,666,666,667
699;6/09/2023;7,75;7,75;169,0;370,583,333,333,333
700;7/09/2023;7,75;7,75;169,0;371,216,666,666,667
701;8/09/2023;7,75;7,75;171,0;3,716
702;11/09/2023;7,75;7,75;175,0;370,066,666,666,667
703;12/09/2023;7,75;7,75;175,0;3,707
704;13/09/2023;7,75;7,75;172,0;370,366,666,666,667
705;14/09/2023;7,75;7,75;171,0;371,083,333,333,333
706;15/09/2023;7,5;7,5;174,0;372,283,333,333,333
707;18/09/2023;7,5;7,5;170,0;370,916,666,666,667
708;19/09/2023;7,5;7,5;166,0;371,333,333,333,333
709;20/09/2023;7,5;7,5;166,0;371,716,666,666,667
710;21/09/2023;7,5;7,5;169,0;374,233,333,333,333
711;22/09/2023;7,5;7,5;166,0;374,883,333,333,333
712;25/09/2023;7,5;7,5;168,0;377,383,333,333,333
713;26/09/2023;7,5;7,5;171,0;378,483,333,333,333
714;27/09/2023;7,5;7,5;176,0;380,033,333,333,333
715;28/09/2023;7,5;7,5;174,0;380,483,333,333,333
716;29/09/2023;7,5;7,5;174,0;379,283,333,333,333
717;2/10/2023;7,5;7,5;179,0;380,033,333,333,333
718;3/10/2023;7,5;7,5;182,0;381,333,333,333,333
719;4/10/2023;7,5;7,5;183,0;38,145
720;5/10/2023;7,5;7,5;179,0;382,283,333,333,333
721;6/10/2023;7,25;7,25;179,0;382,933,333,333,333
722;9/10/2023;7,25;7,25;179,0;38,375
723;10/10/2023;7,25;7,25;180,0;38,255
724;11/10/2023;7,25;7,25;176,0;3,825
725;12/10/2023;7,25;7,25;181,0;3,843
726;13/10/2023;7,25;7,26;178,0;38,505
727;16/10/2023;7,25;7,28;178,0;3,86
728;17/10/2023;7,25;7,25;179,0;385,983,333,333,333
729;18/10/2023;7,25;6,97;179,0;386,833,333,333,333
730;19/10/2023;7,25;7,25;185,0;387,216,666,666,667
731;20/10/2023;7,25;7,25;184,0;3,874
732;23/10/2023;7,25;7,25;183,0;387,216,666,666,667
733;24/10/2023;7,25;7,25;178,0;38,655
734;25/10/2023;7,25;7,25;183,0;387,166,666,666,667
735;26/10/2023;7,25;7,25;183,0;3,869
736;27/10/2023;7,25;7,25;181,0;38,585
737;30/10/2023;7,25;7,25;176,0;384,283,333,333,333
738;31/10/2023;7,25;7,25;183,0;383,783,333,333,333
739;1/11/2023;;;176,0;
740;2/11/2023;7,25;7,25;174,0;379,483,333,333,333
741;3/11/2023;7,25;7,25;178,0;3,735
742;6/11/2023;7,25;7,25;183,0;375,916,666,666,667
743;7/11/2023;7,25;7,25;185,0;377,566,666,666,667
744;8/11/2023;7,25;7,2;180,0;379,683,333,333,333
745;9/11/2023;7,25;7,25;181,0;37,965
746;10/11/2023;7,0;7,0;183,0;381,166,666,666,667
747;13/11/2023;7,0;7,0;181,0;381,216,666,666,667
748;14/11/2023;7,0;7,1;175,0;376,933,333,333,333
749;15/11/2023;7,0;7,0;178,0;377,333,333,333,333
750;16/11/2023;7,0;7,0;177,0;3,77
751;17/11/2023;7,0;7,0;176,0;377,116,666,666,667
752;20/11/2023;7,0;7,0;173,0;37,395
753;21/11/2023;7,0;7,0;170,0;37,405
754;22/11/2023;7,0;6,99;170,0;3,742
755;23/11/2023;7,0;7,0;166,0;3,735
756;24/11/2023;7,0;7,0;171,0;373,316,666,666,667
757;27/11/2023;7,0;7,0;170,0;3,723
758;28/11/2023;7,0;7,0;164,0;372,933,333,333,333
759;29/11/2023;7,0;7,0;160,0;37,335
760;30/11/2023;7,0;7,0;161,0;373,833,333,333,333
761;1/12/2023;7,0;7,0;158,0;37,345
762;4/12/2023;7,0;7,0;162,0;3,745
763;5/12/2023;7,0;7,0;163,0;375,733,333,333,333
764;6/12/2023;7,0;7,0;162,0;375,516,666,666,667
765;7/12/2023;7,0;7,0;162,0;375,483,333,333,333
766;8/12/2023;;;163,0;
767;11/12/2023;7,0;7,0;166,0;3,773
768;12/12/2023;7,0;7,0;172,0;377,633,333,333,333
769;13/12/2023;7,0;7,0;164,0;378,666,666,666,667
770;14/12/2023;7,0;7,0;164,0;376,333,333,333,333
771;15/12/2023;6,75;6,75;162,0;376,383,333,333,333
772;18/12/2023;6,75;6,75;160,0;374,833,333,333,333
773;19/12/2023;6,75;6,75;164,0;37,135
774;20/12/2023;6,75;6,75;161,0;3,706
775;21/12/2023;6,75;6,75;159,0;370,466,666,666,667
776;22/12/2023;6,75;6,75;159,0;368,483,333,333,333
777;25/12/2023;;;160,0;
778;26/12/2023;6,75;6,75;167,0;368,683,333,333,333
779;27/12/2023;6,75;6,75;162,0;369,083,333,333,333
780;28/12/2023;6,75;6,75;160,0;37,025
781;29/12/2023;6,75;6,75;160,0;370,983,333,333,333
782;1/01/2024;;;166,0;
783;2/01/2024;;;178,0;
784;3/01/2024;6,75;6,75;175,0;3,734
785;4/01/2024;6,75;6,75;171,0;373,683,333,333,333
786;5/01/2024;6,75;6,75;176,0;371,883,333,333,333
787;8/01/2024;6,75;6,75;177,0;371,216,666,666,667
788;9/01/2024;6,75;6,75;171,0;37,065
789;10/01/2024;6,75;6,75;172,0;37,025
790;11/01/2024;6,75;6,75;169,0;37,005
791;12/01/2024;6,5;6,5;169,0;36,945
792;15/01/2024;6,5;6,5;165,0;3,698
793;16/01/2024;6,5;6,5;169,0;371,783,333,333,333
794;17/01/2024;6,5;6,5;170,0;374,016,666,666,667
795;18/01/2024;6,5;6,5;171,0;374,133,333,333,333
796;19/01/2024;6,5;6,5;177,0;374,183,333,333,333
797;22/01/2024;6,5;6,5;176,0;3,741
798;23/01/2024;6,5;6,5;174,0;3,757
799;24/01/2024;6,5;6,5;172,0;376,033,333,333,333
800;25/01/2024;6,5;6,5;169,0;376,316,666,666,667
801;26/01/2024;6,5;6,5;164,0;3,786
802;29/01/2024;6,5;6,5;164,0;3,807
803;30/01/2024;6,5;6,5;162,0;381,083,333,333,333
804;31/01/2024;6,5;6,52;167,0;380,583,333,333,333
805;1/02/2024;6,5;6,5;169,0;380,616,666,666,667
806;2/02/2024;6,5;6,5;167,0;3,833
807;5/02/2024;6,5;6,5;166,0;385,683,333,333,333
808;6/02/2024;6,5;6,5;168,0;385,716,666,666,667
809;7/02/2024;6,5;6,5;165,0;386,583,333,333,333
810;8/02/2024;6,5;6,5;167,0;385,366,666,666,667
811;9/02/2024;6,25;6,25;167,0;386,633,333,333,333
812;12/02/2024;6,25;6,25;164,0;386,333,333,333,333
813;13/02/2024;6,25;6,25;161,0;3,884
814;14/02/2024;6,25;6,25;162,0;3,874
815;15/02/2024;6,25;6,25;158,0;386,233,333,333,333
816;16/02/2024;6,25;6,25;157,0;382,966,666,666,667
817;19/02/2024;6,25;6,25;157,0;379,933,333,333,333
818;20/02/2024;6,25;6,25;157,0;3,784
819;21/02/2024;6,25;6,25;156,0;379,583,333,333,333
820;22/02/2024;6,25;6,25;157,0;3,8
821;23/02/2024;6,25;6,25;157,0;37,955
822;26/02/2024;6,25;6,25;155,0;379,816,666,666,667
823;27/02/2024;6,25;6,25;150,0;378,883,333,333,333
824;28/02/2024;6,25;6,25;153,0;379,416,666,666,667
825;29/02/2024;6,25;6,25;153,0;378,116,666,666,667
826;1/03/2024;6,25;6,25;156,0;377,016,666,666,667
827;4/03/2024;6,25;6,25;154,0;3,766
828;5/03/2024;6,25;6,25;156,0;376,383,333,333,333
829;6/03/2024;6,25;6,25;155,0;3,731
830;7/03/2024;6,25;6,25;160,0;372,033,333,333,333
831;8/03/2024;6,25;6,25;160,0;368,966,666,666,667
832;11/03/2024;6,25;6,25;157,0;368,783,333,333,333
833;12/03/2024;6,25;6,25;155,0;369,183,333,333,333
834;13/03/2024;6,25;6,25;151,0;3,667
835;14/03/2024;6,25;6,25;150,0;367,833,333,333,333
836;15/03/2024;6,25;6,25;151,0;368,916,666,666,667
837;18/03/2024;6,25;6,07;151,0;369,883,333,333,333
838;19/03/2024;6,25;6,25;153,0;370,433,333,333,333
839;20/03/2024;6,25;6,25;150,0;369,516,666,666,667
840;21/03/2024;6,25;6,25;146,0;369,466,666,666,667
841;22/03/2024;6,25;6,25;148,0;3,694
842;25/03/2024;6,25;6,25;148,0;370,533,333,333,333
843;26/03/2024;6,25;6,25;150,0;372,383,333,333,333
844;27/03/2024;6,25;6,25;151,0;3,718
845;28/03/2024;;;152,0;
846;29/03/2024;;;152,0;
847;1/04/2024;6,25;6,25;150,0;372,966,666,666,667
848;2/04/2024;6,25;6,25;153,0;370,966,666,666,667
849;3/04/2024;6,25;6,25;153,0;368,966,666,666,667
850;4/04/2024;6,25;6,25;154,0;3,678
851;5/04/2024;6,25;6,25;149,0;368,666,666,666,667
852;8/04/2024;6,25;6,25;150,0;367,683,333,333,333
853;9/04/2024;6,25;6,25;148,0;369,216,666,666,667
854;10/04/2024;6,25;6,25;146,0;370,983,333,333,333
855;11/04/2024;6,25;6,25;147,0;37,055
856;12/04/2024;6,0;6,0;150,0;370,283,333,333,333
857;15/04/2024;6,0;6,0;154,0;372,583,333,333,333
858;16/04/2024;6,0;6,0;157,0;375,616,666,666,667
859;17/04/2024;6,0;6,0;158,0;37,445
860;18/04/2024;6,0;6,0;157,0;37,375
861;19/04/2024;6,0;6,0;157,0;369,966,666,666,667
862;22/04/2024;6,0;6,0;156,0;36,945
863;23/04/2024;6,0;6,0;155,0;370,166,666,666,667
864;24/04/2024;6,0;6,0;156,0;372,483,333,333,333
865;25/04/2024;6,0;6,0;157,0;374,766,666,666,667
866;26/04/2024;6,0;6,0;158,0;3,752,666,667
867;29/04/2024;6,0;6,0;158,0;372,983,333,333,333
868;30/04/2024;6,0;6,0;160,0;3,754
869;1/05/2024;;;160,0;
870;2/05/2024;6,0;6,0;158,0;374,833,333,333,333
871;3/05/2024;6,0;6,0;156,0;371,883,333,333,333
872;6/05/2024;6,0;6,0;154,0;37,255
873;7/05/2024;6,0;6,0;155,0;372,683,333,333,333
874;8/05/2024;6,0;6,0;149,0;372,216,666,666,667
875;9/05/2024;6,0;6,0;150,0;370,583,333,333,333
876;10/05/2024;5,75;5,75;151,0;370,716,666,666,667
877;13/05/2024;5,75;5,75;150,0;372,033,333,333,333
878;14/05/2024;5,75;5,75;155,0;37,245
879;15/05/2024;5,75;5,75;154,0;371,783,333,333,333
880;16/05/2024;5,75;5,75;153,0;372,783,333,333,333
881;17/05/2024;5,75;5,75;153,0;374,033,333,333,333
882;20/05/2024;5,75;5,75;151,0;373,566,666,666,667
883;21/05/2024;5,75;5,75;150,0;373,216,666,666,667
884;22/05/2024;5,75;5,75;158,0;37,415
885;23/05/2024;5,75;5,75;158,0;374,233,333,333,333
886;24/05/2024;5,75;5,75;161,0;373,766,666,666,667
887;27/05/2024;5,75;5,75;161,0;374,283,333,333,333
888;28/05/2024;5,75;5,75;169,0;374,716,666,666,667
889;29/05/2024;5,75;5,75;161,0;375,983,333,333,333
890;30/05/2024;5,75;5,75;158,0;375,983,333,333,333
891;31/05/2024;5,75;5,75;159,0;373,533,333,333,333
892;3/06/2024;5,75;5,75;160,0;373,083,333,333,333
893;4/06/2024;5,75;5,75;162,0;37,405
894;5/06/2024;5,75;5,75;161,0;374,633,333,333,333
895;6/06/2024;5,75;5,74;163,0;3,753
896;7/06/2024;;;160,0;
897;10/06/2024;5,75;5,75;161,0;3,78
898;11/06/2024;5,75;5,75;165,0;378,383,333,333,333
899;12/06/2024;5,75;5,75;161,0;377,166,666,666,667
900;13/06/2024;5,75;5,72;163,0;377,316,666,666,667
901;14/06/2024;5,75;5,75;166,0;3,774
902;17/06/2024;5,75;5,75;162,0;37,925
903;18/06/2024;5,75;5,75;164,0;379,016,666,666,667
904;19/06/2024;5,75;5,75;164,0;381,816,666,666,667
905;20/06/2024;5,75;5,75;162,0;38,095
906;21/06/2024;5,75;5,75;160,0;380,233,333,333,333
907;24/06/2024;5,75;5,75;160,0;38,025
908;25/06/2024;5,75;5,75;158,0;381,383,333,333,333
909;26/06/2024;5,75;5,75;156,0;382,283,333,333,333
910;27/06/2024;5,75;5,75;156,0;382,383,333,333,333
911;28/06/2024;5,75;5,75;154,0;3,836
912;1/07/2024;5,75;5,75;157,0;384,583,333,333,333
913;2/07/2024;5,75;5,75;159,0;38,275
914;3/07/2024;5,75;5,75;160,0;379,966,666,666,667
915;4/07/2024;5,75;5,75;160,0;379,483,333,333,333
916;5/07/2024;5,75;5,75;160,0;379,466,666,666,667
917;8/07/2024;5,75;5,75;157,0;3,79
918;9/07/2024;5,75;5,75;159,0;378,383,333,333,333
919;10/07/2024;5,75;5,75;158,0;378,033,333,333,333
920;11/07/2024;5,75;5,75;153,0;376,683,333,333,333
921;12/07/2024;5,75;5,75;157,0;373,233,333,333,333
922;15/07/2024;5,75;5,75;157,0;372,816,666,666,667
923;16/07/2024;5,75;5,75;159,0;371,633,333,333,333
924;17/07/2024;5,75;5,75;162,0;37,215
925;18/07/2024;5,75;5,7;161,0;37,365
926;19/07/2024;5,75;5,75;158,0;374,516,666,666,667
927;22/07/2024;5,75;5,74;160,0;375,516,666,666,667
928;23/07/2024;;;157,0;
929;24/07/2024;5,75;5,59;156,0;37,755
930;25/07/2024;5,75;5,75;157,0;376,083,333,333,333
931;26/07/2024;;;159,0;
932;29/07/2024;;;159,0;
933;30/07/2024;5,75;5,75;161,0;373,483,333,333,333
934;31/07/2024;5,75;5,75;164,0;37,195
935;1/08/2024;5,75;5,75;174,0;3,738
936;2/08/2024;5,75;5,75;185,0;374,316,666,666,667
937;5/08/2024;5,75;5,75;191,0;374,583,333,333,333
938;6/08/2024;;;181,0;
939;7/08/2024;5,75;5,75;177,0;373,416,666,666,667
940;8/08/2024;5,75;5,75;175,0;37,295
941;9/08/2024;5,5;5,5;174,0;373,066,666,666,667
942;12/08/2024;5,5;5,5;175,0;374,433,333,333,333
943;13/08/2024;5,5;5,5;173,0;374,766,666,666,667
944;14/08/2024;5,5;5,5;169,0;373,816,666,666,667
945;15/08/2024;5,5;5,5;167,0;373,716,666,666,667
946;16/08/2024;5,5;5,5;166,0;37,425
947;19/08/2024;5,5;5,5;164,0;373,483,333,333,333
948;20/08/2024;5,5;5,5;165,0;37,465
949;21/08/2024;5,5;5,5;163,0;374,433,333,333,333
950;22/08/2024;5,5;5,37;163,0;3,759
951;23/08/2024;5,5;5,5;163,0;3,746
952;26/08/2024;5,5;5,5;160,0;3,752
953;27/08/2024;5,5;5,5;161,0;374,333,333,333,333
954;28/08/2024;5,5;5,44;162,0;373,933,333,333,333
955;29/08/2024;5,5;5,5;164,0;374,766,666,666,667
956;30/08/2024;;;157,0;
957;2/09/2024;5,5;5,5;157,0;3,765
958;3/09/2024;5,5;5,5;166,0;378,366,666,666,667
959;4/09/2024;5,5;5,5;166,0;379,666,666,666,667
960;5/09/2024;5,5;5,5;170,0;379,483,333,333,333
961;6/09/2024;5,5;5,49;169,0;379,666,666,666,667
962;9/09/2024;5,5;5,48;171,0;381,183,333,333,333
963;10/09/2024;5,5;5,4;171,0;38,185
964;11/09/2024;5,5;5,5;173,0;3,788
965;12/09/2024;5,5;5,35;168,0;376,883,333,333,333
966;13/09/2024;5,25;5,25;168,0;37,695
967;16/09/2024;5,25;5,25;167,0;378,366,666,666,667
968;17/09/2024;5,25;5,25;164,0;37,735
969;18/09/2024;5,25;5,25;159,0;375,883,333,333,333
970;19/09/2024;5,25;5,25;158,0;374,783,333,333,333
971;20/09/2024;5,25;5,25;159,0;375,183,333,333,333
972;23/09/2024;5,25;5,25;159,0;377,016,666,666,667
973;24/09/2024;5,25;5,25;160,0;376,416,666,666,667
974;25/09/2024;5,25;5,25;155,0;376,233,333,333,333
975;26/09/2024;5,25;5,25;156,0;373,083,333,333,333
976;27/09/2024;5,25;5,25;156,0;37,155
977;30/09/2024;5,25;5,25;154,0;370,816,666,666,667
978;1/10/2024;5,25;5,25;154,0;371,816,666,666,667
979;2/10/2024;5,25;5,25;152,0;3,718
980;3/10/2024;5,25;5,25;150,0;372,866,666,666,667
981;4/10/2024;5,25;5,25;149,0;373,233,333,333,333
982;7/10/2024;5,25;5,25;151,0;374,083,333,333,333
983;8/10/2024;;;155,0;
984;9/10/2024;5,25;5,25;153,0;375,866,666,666,667
985;10/10/2024;5,25;5,25;158,0;37,685
986;11/10/2024;5,25;5,25;156,0;3,756
987;14/10/2024;5,25;5,25;158,0;375,816,666,666,667
988;15/10/2024;5,25;5,25;158,0;3,77
989;16/10/2024;5,25;5,25;155,0;377,166,666,666,667
990;17/10/2024;5,25;5,25;152,0;376,633,333,333,333
991;18/10/2024;5,25;5,25;153,0;3,754
992;21/10/2024;5,25;5,25;152,0;376,533,333,333,333
993;22/10/2024;5,25;5,25;156,0;37,555
994;23/10/2024;5,25;5,25;157,0;375,416,666,666,667
995;24/10/2024;5,25;5,25;157,0;375,366,666,666,667
996;25/10/2024;5,25;5,25;154,0;37,605
997;28/10/2024;5,25;5,2;152,0;3,771
998;29/10/2024;5,25;5,25;154,0;377,116,666,666,667
999;30/10/2024;5,25;5,25;151,0;37,745
1000;31/10/2024;5,25;5,25;156,0;376,816,666,666,667
1001;1/11/2024;;;153,0;
1002;4/11/2024;5,25;5,25;157,0;376,866,666,666,667
1003;5/11/2024;5,25;5,25;160,0;377,483,333,333,333
1004;6/11/2024;5,25;5,25;155,0;378,483,333,333,333
1005;7/11/2024;5,25;5,25;151,0;375,583,333,333,333
1006;8/11/2024;5,0;5,0;153,0;37,695
1007;11/11/2024;5,0;5,0;153,0;377,833,333,333,333
1008;12/11/2024;5,0;5,0;151,0;37,885
1009;13/11/2024;5,0;5,0;149,0;380,183,333,333,333
1010;14/11/2024;5,0;5,0;148,0;380,366,666,666,667
1011;15/11/2024;5,0;5,0;157,0;38,015
1012;18/11/2024;5,0;5,0;162,0;379,566,666,666,667
1013;19/11/2024;5,0;5,0;154,0;37,965
1014;20/11/2024;5,0;5,0;156,0;3,796
1015;21/11/2024;5,0;5,0;154,0;3,795
1016;22/11/2024;5,0;5,0;155,0;379,516,666,666,667
1017;25/11/2024;5,0;5,0;162,0;377,466,666,666,667
1018;26/11/2024;5,0;5,0;159,0;3,768
1019;27/11/2024;5,0;5,0;157,0;375,733,333,333,333
1020;28/11/2024;5,0;5,0;157,0;3,748
1021;29/11/2024;5,0;5,0;161,0;374,616,666,666,667
1022;2/12/2024;5,0;5,0;161,0;376,033,333,333,333
1023;3/12/2024;5,0;5,0;155,0;374,533,333,333,333
1024;4/12/2024;5,0;5,0;158,0;373,883,333,333,333
1025;5/12/2024;5,0;5,0;156,0;373,083,333,333,333
1026;6/12/2024;5,0;5,0;153,0;372,183,333,333,333
1027;9/12/2024;;;150,0;
1028;10/12/2024;5,0;5,0;150,0;3,712
1029;11/12/2024;5,0;5,0;147,0;372,083,333,333,333
1030;12/12/2024;5,0;5,0;147,0;373,583,333,333,333
1031;13/12/2024;5,0;5,0;150,0;37,355
1032;16/12/2024;5,0;5,0;157,0;37,345
1033;17/12/2024;5,0;5,0;154,0;374,116,666,666,667
1034;18/12/2024;5,0;4,29;153,0;373,516,666,666,667
1035;19/12/2024;5,0;5,0;161,0;373,733,333,333,333
1036;20/12/2024;5,0;5,0;157,0;372,416,666,666,667
1037;23/12/2024;5,0;5,0;153,0;372,783,333,333,333
1038;24/12/2024;5,0;5,0;154,0;372,966,666,666,667
1039;25/12/2024;;;154,0;
1040;26/12/2024;5,0;5,0;157,0;374,116,666,666,667
1041;27/12/2024;5,0;5,0;152,0;37,465
1042;30/12/2024;5,0;4,94;160,0;376,666,666,666,667
1043;31/12/2024;;;157,0;
1044;1/01/2025;;;157,0;
1045;2/01/2025;5,0;5,0;159,0;375,416,666,666,667
1046;3/01/2025;5,0;5,0;155,0;376,016,666,666,667
1047;6/01/2025;5,0;5,0;156,0;37,625
1048;7/01/2025;5,0;5,0;154,0;37,695
1049;8/01/2025;5,0;5,0;161,0;378,116,666,666,667
1050;9/01/2025;5,0;5,0;157,0;37,675
1051;10/01/2025;4,75;4,75;158,0;3,77
1052;13/01/2025;4,75;4,75;157,0;378,166,666,666,667
1053;14/01/2025;4,75;4,75;157,0;37,755
1054;15/01/2025;4,75;4,75;157,0;376,533,333,333,333
1055;16/01/2025;4,75;4,74;158,0;376,616,666,666,667
1056;17/01/2025;4,75;4,74;155,0;374,716,666,666,667
1057;20/01/2025;4,75;4,75;155,0;373,466,666,666,667
1058;21/01/2025;4,75;4,75;154,0;3,732
1059;22/01/2025;4,75;4,75;153,0;372,116,666,666,667
1060;23/01/2025;4,75;4,75;155,0;37,145
1061;24/01/2025;4,75;4,75;154,0;371,416,666,666,667
1062;27/01/2025;4,75;4,75;158,0;37,375
1063;28/01/2025;4,75;4,75;158,0;374,066,666,666,667
1064;29/01/2025;4,75;4,75;159,0;37,235
1065;30/01/2025;4,75;4,54;158,0;371,783,333,333,333
1066;31/01/2025;4,75;4,75;159,0;372,366,666,666,667
1067;3/02/2025;4,75;4,75;161,0;372,083,333,333,333
1068;4/02/2025;4,75;4,75;161,0;370,633,333,333,333
1069;5/02/2025;4,75;4,75;161,0;371,766,666,666,667
1070;6/02/2025;4,75;4,75;157,0;3,713
1071;7/02/2025;4,75;4,75;159,0;371,616,666,666,667
1072;10/02/2025;4,75;4,75;158,0;371,416,666,666,667
1073;11/02/2025;4,75;4,75;158,0;371,283,333,333,333
1074;12/02/2025;4,75;4,75;157,0;3,713
1075;13/02/2025;4,75;4,75;158,0;371,683,333,333,333
1076;14/02/2025;4,75;4,75;154,0;37,035
1077;17/02/2025;4,75;4,75;154,0;36,945
1078;18/02/2025;4,75;4,75;151,0;3,688
1079;19/02/2025;4,75;4,75;155,0;368,683,333,333,333
1080;20/02/2025;4,75;4,75;156,0;368,266,666,666,667
1081;21/02/2025;4,75;4,75;159,0;367,866,666,666,667
1082;24/02/2025;4,75;4,75;160,0;3,686
1083;25/02/2025;4,75;4,75;162,0;3,682
1084;26/02/2025;4,75;4,75;160,0;3,675
1085;27/02/2025;4,75;4,75;160,0;367,183,333,333,333
1086;28/02/2025;4,75;4,82;164,0;368,133,333,333,333
1087;3/03/2025;4,75;4,75;167,0;368,583,333,333,333
1088;4/03/2025;4,75;4,75;160,0;3,688
1089;5/03/2025;4,75;4,75;155,0;365,566,666,666,667
1090;6/03/2025;4,75;4,75;161,0;364,933,333,333,333
1091;7/03/2025;4,75;4,75;158,0;365,833,333,333,333
1092;10/03/2025;4,75;4,75;162,0;366,383,333,333,333
1093;11/03/2025;4,75;4,75;162,0;366,716,666,666,667
1094;12/03/2025;4,75;4,75;161,0;366,216,666,666,667
1095;13/03/2025;4,75;4,75;171,0;366,966,666,666,667
1096;14/03/2025;4,75;4,75;167,0;365,716,666,666,667
1097;17/03/2025;4,75;4,75;169,0;364,683,333,333,333
1098;18/03/2025;4,75;4,75;168,0;363,566,666,666,667
1099;19/03/2025;4,75;4,75;164,0;362,133,333,333,333
1100;20/03/2025;4,75;4,75;162,0;36,245
1101;21/03/2025;4,75;4,75;162,0;363,483,333,333,333
1102;24/03/2025;4,75;4,75;158,0;364,633,333,333,333
1103;25/03/2025;4,75;4,75;160,0;363,766,666,666,667
1104;26/03/2025;4,75;4,75;159,0;3,64
1105;27/03/2025;4,75;4,75;162,0;364,533,333,333,333
1106;28/03/2025;4,75;4,75;168,0;365,266,666,666,667
1107;31/03/2025;4,75;4,75;170,0;367,083,333,333,333
1108;1/04/2025;4,75;4,75;168,0;367,216,666,666,667
1109;2/04/2025;4,75;4,75;168,0;367,666,666,666,667
1110;3/04/2025;4,75;4,75;178,0;366,333,333,333,333
1111;4/04/2025;4,75;4,75;185,0;369,333,333,333,333
1112;7/04/2025;4,75;4,75;186,0;370,683,333,333,333
1113;8/04/2025;4,75;4,75;187,0;3,737
1114;9/04/2025;4,75;4,8;180,0;374,183,333,333,333
1115;10/04/2025;4,75;4,75;177,0;37,295
1116;11/04/2025;4,75;4,75;183,0;372,966,666,666,667
1117;14/04/2025;4,75;4,7;179,0;37,305
1118;15/04/2025;4,75;4,75;180,0;374,616,666,666,667
1119;16/04/2025;4,75;4,75;184,0;3,733
1120;17/04/2025;;;179,0;
1121;18/04/2025;;;179,0;
1122;21/04/2025;4,75;4,75;180,0;37,075
1123;22/04/2025;4,75;4,75;176,0;369,483,333,333,333
1124;23/04/2025;4,75;4,75;169,0;36,955
1125;24/04/2025;4,75;4,75;172,0;3,679
1126;25/04/2025;4,75;4,75;171,0;367,016,666,666,667
1127;28/04/2025;4,75;4,75;173,0;366,933,333,333,333
1128;29/04/2025;4,75;4,75;176,0;366,933,333,333,333
1129;30/04/2025;4,75;4,75;176,0;367,266,666,666,667
1130;1/05/2025;;;172,0;
1131;2/05/2025;4,75;4,75;167,0;365,316,666,666,667
1132;5/05/2025;4,75;4,75;169,0;365,933,333,333,333
1133;6/05/2025;4,75;4,76;167,0;365,983,333,333,333
1134;7/05/2025;4,75;4,75;169,0;365,366,666,666,667
1135;8/05/2025;4,75;4,75;162,0;363,916,666,666,667
1136;9/05/2025;4,5;4,5;163,0;36,445
1137;12/05/2025;4,5;4,5;155,0;36,575
1138;13/05/2025;4,5;4,5;154,0;365,633,333,333,333
1139;14/05/2025;4,5;4,5;154,0;367,883,333,333,333
1140;15/05/2025;4,5;4,5;155,0;368,233,333,333,333
1141;16/05/2025;4,5;4,5;156,0;369,266,666,666,667
1142;19/05/2025;4,5;4,5;153,0;368,766,666,666,667
1143;20/05/2025;4,5;4,5;153,0;369,266,666,666,667
1144;21/05/2025;4,5;4,5;150,0;368,116,666,666,667
1145;22/05/2025;4,5;4,5;154,0;366,416,666,666,667
1146;23/05/2025;4,5;4,5;154,0;36,605
1147;26/05/2025;4,5;4,5;154,0;365,716,666,666,667
1148;27/05/2025;4,5;4,5;152,0;364,683,333,333,333
1149;28/05/2025;4,5;4,5;154,0;36,445
1150;29/05/2025;4,5;4,5;153,0;363,233,333,333,333
1151;30/05/2025;4,5;4,5;158,0;362,816,666,666,667
1152;2/06/2025;4,5;4,5;157,0;36,165
1153;3/06/2025;4,5;4,5;154,0;3,625
1154;4/06/2025;4,5;4,5;160,0;361,583,333,333,333
1155;5/06/2025;4,5;4,5;157,0;362,583,333,333,333
1156;6/06/2025;4,5;4,5;151,0;365,116,666,666,667
1157;9/06/2025;4,5;4,5;154,0;364,433,333,333,333
1158;10/06/2025;4,5;4,5;153,0;36,355
1159;11/06/2025;4,5;4,5;151,0;363,016,666,666,667
1160;12/06/2025;4,5;4,5;154,0;36,165
1161;13/06/2025;4,5;4,5;151,0;361,666,666,666,667
1162;16/06/2025;4,5;4,5;146,0;360,733,333,333,333
1163;17/06/2025;4,5;4,5;149,0;3,613
1164;18/06/2025;4,5;4,5;153,0;3,595
1165;19/06/2025;4,5;4,5;153,0;358,866,666,666,667
1166;20/06/2025;4,5;4,5;154,0;359,866,666,666,667
1167;23/06/2025;4,5;4,5;155,0;360,066,666,666,667
1168;24/06/2025;4,5;4,5;156,0;357,683,333,333,333
1169;25/06/2025;4,5;4,5;158,0;357,283,333,333,333
1170;26/06/2025;4,5;4,5;160,0;356,233,333,333,333
1171;27/06/2025;4,5;4,5;155,0;35,505
1172;30/06/2025;4,5;4,63;154,0;35,415
1173;1/07/2025;4,5;4,5;149,0;355,433,333,333,333
1174;2/07/2025;4,5;4,5;149,0;355,533,333,333,333
1175;3/07/2025;4,5;4,5;143,0;35,425
1176;4/07/2025;4,5;4,5;143,0;355,116,666,666,667
1177;7/07/2025;4,5;4,5;141,0;356,233,333,333,333
1178;8/07/2025;4,5;4,5;145,0;355,766,666,666,667
1179;9/07/2025;4,5;4,5;142,0;355,033,333,333,333
1180;10/07/2025;4,5;4,5;142,0;3,552
1181;11/07/2025;4,5;4,5;135,0;355,416,666,666,667
1182;14/07/2025;4,5;4,5;138,0;35,655
1183;15/07/2025;4,5;4,5;134,0;356,516,666,666,667
1184;16/07/2025;4,5;4,5;140,0;355,333,333,333,333
1185;17/07/2025;4,5;4,5;139,0;35,545
1186;18/07/2025;4,5;4,5;139,0;3,565
1187;21/07/2025;4,5;4,5;137,0;3,561
1188;22/07/2025;4,5;4,49;142,0;355,816,666,666,667
1189;23/07/2025;;;140,0;
1190;24/07/2025;4,5;4,5;138,0;35,485
1191;25/07/2025;4,5;4,5;142,0;3,545
1192;28/07/2025;;;139,0;
1193;29/07/2025;;;142,0;
1194;30/07/2025;4,5;4,5;142,0;3,567
1195;31/07/2025;4,5;4,5;140,0;358,783,333,333,333
1196;1/08/2025;4,5;4,5;147,0;358,266,666,666,667
1197;4/08/2025;4,5;4,5;143,0;356,966,666,666,667
1198;5/08/2025;4,5;4,5;144,0;355,833,333,333,333
1199;6/08/2025;;;137,0;
1200;7/08/2025;4,5;4,5;138,0;3,544
1201;8/08/2025;4,5;4,5;134,0;3,527
1202;11/08/2025;4,5;4,5;133,0;353,166,666,666,667
1203;12/08/2025;4,5;4,5;132,0;35,235
1204;13/08/2025;4,5;4,5;131,0;353,816,666,666,667
1205;14/08/2025;4,5;4,5;128,0;356,066,666,666,667
1206;15/08/2025;4,5;4,5;126,0;356,183,333,333,333
1207;18/08/2025;4,5;4,5;125,0;355,316,666,666,667
1208;19/08/2025;4,5;4,5;126,0;353,366,666,666,667
1209;20/08/2025;4,5;4,5;128,0;3,53
1210;21/08/2025;4,5;4,5;130,0;353,616,666,666,667
1211;22/08/2025;4,5;4,5;131,0;3,523
1212;25/08/2025;4,5;4,5;129,0;352,833,333,333,333
1213;26/08/2025;4,5;4,5;131,0;3,538
1214;27/08/2025;4,5;4,5;136,0;35,535
1215;28/08/2025;4,5;4,5;135,0;354,416,666,666,667
1216;29/08/2025;4,5;4,5;131,0;3,534
1217;1/09/2025;4,5;4,5;131,0;353,416,666,666,667
1218;2/09/2025;4,5;4,5;133,0;35,415
1219;3/09/2025;4,5;4,5;133,0;353,183,333,333,333
1220;4/09/2025;4,5;4,5;133,0;35,335
1221;5/09/2025;4,5;4,5;133,0;352,116,666,666,667
1222;8/09/2025;4,5;4,5;132,0;351,633,333,333,333
1223;9/09/2025;4,5;4,5;131,0;3,505
1224;10/09/2025;4,5;4,5;128,0;348,633,333,333,333
1225;11/09/2025;4,5;4,5;123,0;3,481
1226;12/09/2025;4,25;4,25;122,0;349,533,333,333,333
1227;15/09/2025;4,25;4,29;123,0;3,493
1228;16/09/2025;4,25;4,25;123,0;348,416,666,666,667
1229;17/09/2025;4,25;4,25;120,0;348,316,666,666,667
1230;18/09/2025;4,25;4,25;117,0;348,683,333,333,333
1231;19/09/2025;4,25;4,25;118,0;349,357,142,857,143
1232;22/09/2025;4,25;4,25;118,0;350,478,571,428,571
1233;23/09/2025;4,25;4,25;119,0;350,121,428,571,429
1234;24/09/2025;4,25;4,25;117,0;350,764,285,714,286
1235;25/09/2025;4,25;4,25;118,0;350,714,285,714,286
1236;26/09/2025;4,25;4,25;118,0;349,692,857,142,857
1237;29/09/2025;4,25;4,25;120,0;348,235,714,285,714
1238;30/09/2025;4,25;4,25;119,0;3,473
1239;1/10/2025;4,25;4,25;121,0;34,705
1240;2/10/2025;4,25;4,25;122,0;348,235,714,285,714
1241;3/10/2025;4,25;4,25;119,0;3,468
1242;6/10/2025;4,25;4,25;117,0;345,885,714,285,714
1243;7/10/2025;4,25;4,25;120,0;344,957,142,857,143
1244;8/10/2025;;;119,0;
1245;9/10/2025;4,25;4,25;121,0;343,464,285,714,286
1246;10/10/2025;4,25;4,25;131,0;3,439
1247;13/10/2025;4,25;4,25;131,0;342,857,142,857,143
1248;14/10/2025;4,25;4,25;131,0;342,635,714,285,714
1249;15/10/2025;4,25;4,25;126,0;34,115
1250;16/10/2025;4,25;4,25;129,0;339,378,571,428,571
1251;17/10/2025;4,25;4,25;126,0;338,542,857,142,857
1252;20/10/2025;4,25;4,25;124,0;33,725
1253;21/10/2025;4,25;4,25;120,0;338,671,428,571,429
1254;22/10/2025;4,25;4,25;123,0;340,135,714,285,714
1255;23/10/2025;4,25;4,25;124,0;339,692,857,142,857
1256;24/10/2025;4,25;4,25;122,0;338,385,714,285,714
1257;27/10/2025;4,25;4,25;123,0;338,157,142,857,143
1258;28/10/2025;4,25;4,25;124,0;3,392
1259;29/10/2025;4,25;4,25;118,0;339,021,428,571,429
1260;30/10/2025;4,25;4,25;122,0;339,407,142,857,143
1261;31/10/2025;4,25;4,25;120,0;337,585,714,285,714
1262;3/11/2025;4,25;4,25;124,0;337,492,857,142,857
1263;4/11/2025;4,25;4,25;127,0;338,707,142,857,143
1264;5/11/2025;4,25;4,25;125,0;337,642,857,142,857
1265;6/11/2025;4,25;4,26;129,0;337,535,714,285,714
1266;7/11/2025;4,25;4,25;129,0;33,765
1267;10/11/2025;4,25;4,25;125,0;337,235,714,285,714
1268;11/11/2025;4,25;4,25;125,0;336,085,714,285,714
1269;12/11/2025;4,25;4,25;126,0;336,942,857,142,857
1270;13/11/2025;4,25;4,25;124,0;3,365
1271;14/11/2025;4,25;4,25;119,0;33,725
1272;17/11/2025;4,25;4,25;124,0;336,335,714,285,714
1273;18/11/2025;4,25;4,25;125,0;336,907,142,857,143
1274;19/11/2025;4,25;4,25;120,0;337,771,428,571,429
1275;20/11/2025;4,25;4,25;126,0;338,114,285,714,286
1276;21/11/2025;4,25;4,25;127,0;338,928,571,428,571
1277;24/11/2025;4,25;4,25;129,0;338,528,571,428,571
1278;25/11/2025;4,25;4,25;130,0;337,721,428,571,429
1279;26/11/2025;4,25;4,25;130,0;336,685,714,285,714
1280;27/11/2025;4,25;4,25;130,0;336,642,857,142,857
1281;28/11/2025;4,25;4,25;128,0;33,625
1282;1/12/2025;4,25;4,25;124,0;337,064,285,714,286
1283;2/12/2025;4,25;4,25;123,0;337,014,285,714,286
1284;3/12/2025;4,25;4,25;123,0;33,645
1285;4/12/2025;4,25;4,25;121,0;335,942,857,142,857
1286;5/12/2025;4,25;4,25;121,0;336,671,428,571,429
1287;8/12/2025;;;122,0;
1288;9/12/2025;;;124,0;
1289;10/12/2025;4,25;4,25;124,0;337,214,285,714,286
1290;11/12/2025;4,25;4,25;124,0;336,757,142,857,143
1291;12/12/2025;4,25;4,25;121,0;336,885,714,285,714
1292;15/12/2025;4,25;4,25;120,0;33,705
1293;16/12/2025;4,25;4,25;124,0;337,142,857,142,857
1294;17/12/2025;4,25;4,25;121,0;336,914,285,714,286
1295;18/12/2025;4,25;4,25;127,0;336,664,285,714,286
1296;19/12/2025;4,25;4,21;129,0;336,785,714,285,714
1297;22/12/2025;4,25;4,25;128,0;336,614,285,714,286
1298;23/12/2025;4,25;4,25;132,0;3,367
1299;24/12/2025;4,25;4,25;134,0;3,365
1300;25/12/2025;;;134,0;
1301;26/12/2025;;;132,0;
1302;29/12/2025;4,25;4,25;136,0;3,367
1303;30/12/2025;4,25;4,25;137,0;336,435,714,285,714
1304;31/12/2025;4,25;3,85;135,0;33,636
